ad_id,reporting_start,reporting_end,campaign_id,fb_campaign_id,age,gender,interest1,interest2,interest3,impressions,clicks,spent,total_conversion,approved_conversion
708746,17/08/2017,17/08/2017,916,"103,916",30-34,M,15,17,17,7350,1,1.429999948,2,1
708749,17/08/2017,17/08/2017,916,"103,917",30-34,M,16,19,21,17861,2,1.820000023,2,0
708771,17/08/2017,17/08/2017,916,"103,920",30-34,M,20,25,22,693,0,0.000000000,1,0
708815,30/08/2017,30/08/2017,916,"103,928",30-34,M,28,32,32,4259,1,1.250000000,1,0
708818,17/08/2017,17/08/2017,916,"103,928",30-34,M,28,33,32,4133,1,1.289999962,1,1
708820,17/08/2017,17/08/2017,916,"103,929",30-34,M,29,30,30,1915,0,0.000000000,1,1
708889,17/08/2017,17/08/2017,916,"103,940",30-34,M,15,16,17,15615,3,4.769999981,1,0
708895,17/08/2017,17/08/2017,916,"103,941",30-34,M,16,20,18,10951,1,1.269999981,1,1
708953,17/08/2017,17/08/2017,916,"103,951",30-34,M,27,31,31,2355,1,1.500000000,1,0
708958,30/08/2017,30/08/2017,916,"103,952",30-34,M,28,32,31,9502,3,3.159999967,1,0
708979,30/08/2017,30/08/2017,916,"103,955",30-34,M,31,37,34,1224,0,0.000000000,1,0
709023,29/08/2017,29/08/2017,916,"103,962",30-34,M,7,8,8,735,0,0.000000000,1,0
709038,29/08/2017,29/08/2017,916,"103,965",30-34,M,16,20,22,5117,0,0.000000000,1,0
709040,29/08/2017,29/08/2017,916,"103,965",30-34,M,16,19,21,5120,0,0.000000000,1,0
709059,30/08/2017,30/08/2017,916,"103,968",30-34,M,20,26,23,14669,7,10.280000210,1,1
709105,30/08/2017,30/08/2017,916,"103,976",30-34,M,28,30,32,1241,0,0.000000000,1,1
709115,30/08/2017,30/08/2017,916,"103,978",30-34,M,30,34,31,2305,1,0.569999993,1,0
709124,30/08/2017,30/08/2017,916,"103,979",30-34,M,31,34,33,1024,0,0.000000000,1,1
709179,30/08/2017,30/08/2017,916,"103,988",35-39,M,15,16,17,4627,1,1.690000057,1,0
709183,30/08/2017,30/08/2017,916,"103,989",35-39,M,16,20,22,21026,4,4.630000114,2,1
709320,17/08/2017,17/08/2017,916,"104,012",35-39,M,15,21,20,1422,0,0.000000000,1,1
709323,17/08/2017,17/08/2017,916,"104,012",35-39,M,15,17,19,7132,2,2.609999895,1,0
709326,18/08/2017,18/08/2017,916,"104,013",35-39,M,16,22,22,12190,2,3.049999952,1,0
709327,18/08/2017,18/08/2017,916,"104,013",35-39,M,16,22,20,12193,2,3.059999943,1,1
709328,18/08/2017,18/08/2017,916,"104,013",35-39,M,16,19,18,3332,0,0.000000000,1,1
709455,18/08/2017,18/08/2017,916,"104,034",35-39,M,7,12,10,559,0,0.000000000,1,0
709544,18/08/2017,18/08/2017,916,"104,049",35-39,M,29,33,32,7440,2,2.980000019,1,1
709614,19/08/2017,19/08/2017,916,"104,061",40-44,M,16,19,20,19113,4,5.520000100,1,0
709756,19/08/2017,19/08/2017,916,"104,085",40-44,M,16,21,21,10976,2,1.690000057,1,1
709761,18/08/2017,18/08/2017,916,"104,085",40-44,M,16,19,20,2861,0,0.000000000,1,0
709899,18/08/2017,18/08/2017,916,"104,108",40-44,M,15,18,20,1398,0,0.000000000,1,1
709901,18/08/2017,18/08/2017,916,"104,109",40-44,M,16,18,20,23817,7,8.470000148,1,1
710045,17/08/2017,17/08/2017,916,"104,133",45-49,M,16,22,17,47224,12,15.820000170,1,0
710088,17/08/2017,17/08/2017,916,"104,140",45-49,M,24,26,27,2283,1,1.470000029,1,0
710360,17/08/2017,17/08/2017,916,"104,185",45-49,M,21,26,24,2182,1,1.529999971,1,1
710477,17/08/2017,17/08/2017,916,"104,205",30-34,F,16,19,19,2654,0,0.000000000,1,1
710480,17/08/2017,17/08/2017,916,"104,205",30-34,F,16,21,20,57665,14,18.069999690,1,1
710571,18/08/2017,18/08/2017,916,"104,220",30-34,F,32,37,38,3091,1,1.610000014,1,1
710617,18/08/2017,18/08/2017,916,"104,228",30-34,F,15,19,16,5014,1,1.190000057,1,0
710623,18/08/2017,18/08/2017,916,"104,229",30-34,F,16,19,20,38726,7,9.220000267,1,0
710628,17/08/2017,17/08/2017,916,"104,230",30-34,F,18,24,22,1473,0,0.000000000,1,0
710682,29/08/2017,29/08/2017,916,"104,239",30-34,F,27,33,32,1186,0,0.000000000,1,0
710763,29/08/2017,29/08/2017,916,"104,252",30-34,F,15,19,17,5369,1,1.509999990,1,0
710836,27/08/2017,27/08/2017,916,"104,265",30-34,F,29,33,31,22221,7,9.430000067,1,1
710867,26/08/2017,26/08/2017,916,"104,270",30-34,F,63,64,68,1185,0,0.000000000,1,0
710880,26/08/2017,26/08/2017,916,"104,272",30-34,F,65,70,68,13019,5,6.960000038,1,0
710961,27/08/2017,27/08/2017,916,"104,285",35-39,F,25,29,26,2508,1,1.220000029,1,0
710968,27/08/2017,27/08/2017,916,"104,287",35-39,F,27,31,29,5864,2,2.799999952,1,1
711217,27/08/2017,27/08/2017,916,"104,328",35-39,F,20,26,23,2783,1,1.600000024,1,0
711623,27/08/2017,27/08/2017,916,"104,396",40-44,F,15,18,20,3812,1,1.129999995,2,1
711764,27/08/2017,27/08/2017,916,"104,419",45-49,F,10,16,11,11199,4,5.730000019,1,1
711785,26/08/2017,26/08/2017,916,"104,423",45-49,F,19,25,23,292,0,0.000000000,1,0
711877,26/08/2017,26/08/2017,916,"104,438",45-49,F,63,67,65,17572,7,9.379999995,1,0
712052,25/08/2017,25/08/2017,916,"104,467",45-49,F,10,13,11,1448,0,0.000000000,1,1
734209,25/08/2017,25/08/2017,936,"108,654",30-34,M,10,16,14,1772,0,0.000000000,1,1
734210,25/08/2017,25/08/2017,936,"108,654",30-34,M,10,16,13,13329,4,5.629999995,1,1
734215,26/08/2017,26/08/2017,936,"108,655",30-34,M,15,19,17,13659,3,3.840000033,1,0
734243,26/08/2017,26/08/2017,936,"108,660",30-34,M,21,23,24,739,0,0.000000000,1,1
734266,26/08/2017,26/08/2017,936,"108,664",30-34,M,25,30,27,605,0,0.000000000,1,0
734272,26/08/2017,26/08/2017,936,"108,665",30-34,M,26,32,29,1030,0,0.000000000,1,0
734290,26/08/2017,26/08/2017,936,"108,668",30-34,M,29,32,35,5374,1,1.039999962,4,0
734313,26/08/2017,26/08/2017,936,"108,672",30-34,M,36,38,38,790,0,0.000000000,1,1
734314,27/08/2017,27/08/2017,936,"108,672",30-34,M,36,38,38,962,0,0.000000000,1,0
734352,27/08/2017,27/08/2017,936,"108,678",35-39,M,10,11,16,4423,1,1.460000038,1,1
734361,29/08/2017,29/08/2017,936,"108,680",35-39,M,16,19,19,12382,2,2.839999914,1,1
734381,29/08/2017,29/08/2017,936,"108,683",35-39,M,20,25,24,2938,1,1.350000024,1,1
734399,28/08/2017,28/08/2017,936,"108,686",35-39,M,23,24,27,239,0,0.000000000,1,0
734418,29/08/2017,29/08/2017,936,"108,689",35-39,M,26,27,28,591,0,0.000000000,1,0
734421,29/08/2017,29/08/2017,936,"108,690",35-39,M,27,29,32,10332,4,5.750000000,1,0
734427,29/08/2017,29/08/2017,936,"108,691",35-39,M,28,29,31,8259,3,3.980000019,1,0
734433,29/08/2017,29/08/2017,936,"108,692",35-39,M,29,35,31,12158,3,4.449999928,1,0
734582,29/08/2017,29/08/2017,936,"108,716",40-44,M,29,33,33,7709,2,1.320000052,2,0
734605,28/08/2017,28/08/2017,936,"108,720",40-44,M,36,37,41,834,0,0.000000000,1,0
734660,28/08/2017,28/08/2017,936,"108,729",45-49,M,18,22,23,1299,0,0.000000000,2,0
734666,28/08/2017,28/08/2017,936,"108,730",45-49,M,19,24,20,371,0,0.000000000,1,0
734726,28/08/2017,28/08/2017,936,"108,740",45-49,M,29,30,35,10466,3,4.090000033,1,0
734737,27/08/2017,27/08/2017,936,"108,742",45-49,M,31,37,33,839,0,0.000000000,1,0
734785,28/08/2017,28/08/2017,936,"108,750",30-34,F,10,13,13,5576,1,1.529999971,1,1
734794,28/08/2017,28/08/2017,936,"108,752",30-34,F,16,19,17,4010,0,0.000000000,1,0
734796,28/08/2017,28/08/2017,936,"108,752",30-34,F,16,22,17,39337,7,10.030000090,1,1
734800,28/08/2017,28/08/2017,936,"108,753",30-34,F,18,20,20,1635,0,0.000000000,1,0
734803,28/08/2017,28/08/2017,936,"108,753",30-34,F,18,19,21,1631,0,0.000000000,1,0
734852,28/08/2017,28/08/2017,936,"108,761",30-34,F,26,30,29,13479,3,4.250000000,1,0
734854,19/08/2017,19/08/2017,936,"108,762",30-34,F,27,33,32,57022,13,20.290000320,3,3
734856,19/08/2017,19/08/2017,936,"108,762",30-34,F,27,28,32,5453,1,1.389999986,1,1
734866,20/08/2017,20/08/2017,936,"108,764",30-34,F,29,32,31,11803,3,4.440000057,1,0
734881,20/08/2017,20/08/2017,936,"108,766",30-34,F,31,32,34,4259,1,1.570000052,1,1
734901,20/08/2017,20/08/2017,936,"108,770",30-34,F,64,70,68,1554,0,0.000000000,1,0
734903,20/08/2017,20/08/2017,936,"108,770",30-34,F,64,69,67,5323,1,1.289999962,1,1
734925,20/08/2017,20/08/2017,936,"108,774",35-39,F,10,11,12,5024,1,1.409999967,1,1
734939,20/08/2017,20/08/2017,936,"108,776",35-39,F,16,19,22,104648,24,33.330000040,4,2
734968,20/08/2017,20/08/2017,936,"108,781",35-39,F,22,25,27,8504,3,3.340000093,1,1
734999,20/08/2017,20/08/2017,936,"108,786",35-39,F,27,32,32,20277,6,8.050000072,1,0
735014,19/08/2017,19/08/2017,936,"108,788",35-39,F,29,34,30,12403,4,5.210000038,1,1
735032,19/08/2017,19/08/2017,936,"108,791",35-39,F,32,33,34,498,0,0.000000000,1,1
735033,18/08/2017,18/08/2017,936,"108,792",35-39,F,36,40,40,652,0,0.000000000,0,0
735043,18/08/2017,18/08/2017,936,"108,793",35-39,F,63,65,69,1357,0,0.000000000,1,1
735048,18/08/2017,18/08/2017,936,"108,794",35-39,F,64,65,68,1393,0,0.000000000,1,0
735065,19/08/2017,19/08/2017,936,"108,797",40-44,F,7,10,12,648,0,0.000000000,1,0
735109,19/08/2017,19/08/2017,936,"108,804",40-44,F,21,26,25,708,0,0.000000000,1,1
735140,19/08/2017,19/08/2017,936,"108,809",40-44,F,26,27,31,6907,2,2.349999964,1,0
735143,19/08/2017,19/08/2017,936,"108,810",40-44,F,27,28,30,39035,13,19.329999570,1,0
735151,19/08/2017,19/08/2017,936,"108,811",40-44,F,28,30,31,926,0,0.000000000,1,0
735184,19/08/2017,19/08/2017,936,"108,817",40-44,F,63,66,67,4412,1,1.450000048,1,0
735189,21/08/2017,21/08/2017,936,"108,818",40-44,F,64,65,66,9965,3,4.050000072,1,0
735213,21/08/2017,21/08/2017,936,"108,822",45-49,F,10,16,11,73634,23,32.979999780,1,0
735220,18/08/2017,18/08/2017,936,"108,823",45-49,F,15,17,17,69708,20,31.289999490,1,0
735242,18/08/2017,18/08/2017,936,"108,826",45-49,F,19,25,21,530,0,0.000000000,1,0
735247,18/08/2017,18/08/2017,936,"108,827",45-49,F,20,24,25,14257,6,8.789999962,1,0
735289,18/08/2017,18/08/2017,936,"108,834",45-49,F,27,30,30,20362,5,9.119999886,1,1
735290,18/08/2017,18/08/2017,936,"108,834",45-49,F,27,29,33,12215,4,6.260000110,1,0
735298,18/08/2017,18/08/2017,936,"108,836",45-49,F,29,31,32,85412,28,38.639999990,2,1
736869,18/08/2017,18/08/2017,936,"109,448",30-34,M,2,6,8,2338,1,0.239999995,1,0
736890,18/08/2017,18/08/2017,936,"109,451",30-34,M,15,16,20,2522,0,0.000000000,1,0
736893,18/08/2017,18/08/2017,936,"109,452",30-34,M,16,17,17,3587,0,0.000000000,1,0
736977,18/08/2017,18/08/2017,936,"109,470",30-34,M,27,30,28,1273,0,0.000000000,1,0
736988,21/08/2017,21/08/2017,936,"109,472",30-34,M,28,29,29,3891,1,1.090000033,1,0
736995,21/08/2017,21/08/2017,936,"109,473",30-34,M,29,34,34,1888,0,0.000000000,1,0
736997,21/08/2017,21/08/2017,936,"109,473",30-34,M,29,32,33,1895,0,0.000000000,1,0
737097,21/08/2017,21/08/2017,936,"109,498",35-39,M,7,10,11,715,0,0.000000000,1,0
737130,21/08/2017,21/08/2017,936,"109,507",35-39,M,16,19,18,11199,2,2.680000067,1,0
737320,18/08/2017,18/08/2017,936,"109,553",35-39,M,63,64,66,5676,2,3.009999990,1,0
737375,21/08/2017,21/08/2017,936,"109,565",40-44,M,10,11,11,1415,0,0.000000000,1,0
737524,21/08/2017,21/08/2017,936,"109,601",40-44,M,30,34,33,2148,1,1.580000043,1,1
737644,21/08/2017,21/08/2017,936,"109,629",45-49,M,16,22,17,45401,10,14.060000420,1,0
737657,18/08/2017,18/08/2017,936,"109,633",45-49,M,18,23,20,7478,2,2.900000095,1,1
737658,18/08/2017,18/08/2017,936,"109,633",45-49,M,18,19,24,4919,1,1.590000033,1,0
737674,20/08/2017,20/08/2017,936,"109,637",45-49,M,20,21,24,533,0,0.000000000,1,1
737766,20/08/2017,20/08/2017,936,"109,659",45-49,M,29,33,33,1447,0,0.000000000,1,1
737896,20/08/2017,20/08/2017,936,"109,689",30-34,F,16,21,22,17553,3,4.590000153,1,0
737931,20/08/2017,20/08/2017,936,"109,698",30-34,F,20,26,24,3343,1,0.540000021,1,0
737961,20/08/2017,20/08/2017,936,"109,706",30-34,F,23,29,28,523,0,0.000000000,1,0
737995,20/08/2017,20/08/2017,936,"109,714",30-34,F,26,27,31,1873,0,0.000000000,1,0
738006,20/08/2017,20/08/2017,936,"109,717",30-34,F,27,29,32,34740,7,13.410000090,1,1
738067,20/08/2017,20/08/2017,936,"109,731",30-34,F,32,37,36,658,0,0.000000000,1,0
738098,20/08/2017,20/08/2017,936,"109,738",30-34,F,64,70,68,1539,0,0.000000000,1,0
738307,20/08/2017,20/08/2017,936,"109,788",35-39,F,31,36,36,3010,1,0.860000014,1,1
738389,19/08/2017,19/08/2017,936,"109,808",40-44,F,10,16,12,27081,9,10.770000460,1,1
738408,19/08/2017,19/08/2017,936,"109,813",40-44,F,16,22,22,20233,4,5.590000153,3,0
738413,19/08/2017,19/08/2017,936,"109,813",40-44,F,16,17,19,147159,36,58.160000440,3,1
738423,19/08/2017,19/08/2017,936,"109,816",40-44,F,18,20,24,21664,7,10.619999770,1,1
738436,19/08/2017,19/08/2017,936,"109,820",40-44,F,19,21,20,9112,4,5.460000038,1,1
738463,20/08/2017,20/08/2017,936,"109,826",40-44,F,21,23,24,542,0,0.000000000,1,0
738528,19/08/2017,19/08/2017,936,"109,839",40-44,F,30,34,33,402,0,0.000000000,1,1
738560,19/08/2017,19/08/2017,936,"109,844",40-44,F,64,70,66,1338,0,0.000000000,1,0
738582,19/08/2017,19/08/2017,936,"109,848",45-49,F,10,16,12,46150,15,20.179999830,1,1
738592,20/08/2017,20/08/2017,936,"109,850",45-49,F,16,22,20,493821,116,176.379997700,4,1
738593,20/08/2017,20/08/2017,936,"109,850",45-49,F,16,17,21,92011,27,34.390000460,2,1
738598,21/08/2017,21/08/2017,936,"109,851",45-49,F,18,23,24,12956,4,5.490000010,1,1
738606,21/08/2017,21/08/2017,936,"109,852",45-49,F,19,20,23,529,0,0.000000000,1,0
738637,21/08/2017,21/08/2017,936,"109,857",45-49,F,24,26,30,944,1,1.419999957,1,0
738648,18/08/2017,18/08/2017,936,"109,859",45-49,F,26,30,27,111090,38,51.970000270,5,1
747212,18/08/2017,18/08/2017,936,"110,836",30-34,M,10,16,14,7208,2,3.190000057,1,0
747213,18/08/2017,18/08/2017,936,"110,836",30-34,M,10,12,11,1746,0,0.000000000,1,0
747220,18/08/2017,18/08/2017,936,"110,837",30-34,M,15,17,16,2474,0,0.000000000,2,2
747222,18/08/2017,18/08/2017,936,"110,838",30-34,M,16,22,20,12489,2,1.960000038,1,0
747223,18/08/2017,18/08/2017,936,"110,838",30-34,M,16,18,18,8032,1,0.600000024,2,0
747248,21/08/2017,21/08/2017,936,"110,842",30-34,M,21,24,24,472,0,0.000000000,1,1
747332,21/08/2017,21/08/2017,936,"110,856",30-34,M,64,68,65,792,0,0.000000000,1,1
747362,21/08/2017,21/08/2017,936,"110,861",35-39,M,15,16,18,4607,1,1.149999976,1,1
747369,21/08/2017,21/08/2017,936,"110,862",35-39,M,16,17,21,13355,2,3.180000067,1,1
747370,20/08/2017,20/08/2017,936,"110,862",35-39,M,16,17,19,2936,0,0.000000000,1,0
747401,21/08/2017,21/08/2017,936,"110,867",35-39,M,22,25,25,2793,1,0.980000019,1,1
747435,21/08/2017,21/08/2017,936,"110,873",35-39,M,28,29,30,1032,0,0.000000000,1,0
747439,21/08/2017,21/08/2017,936,"110,874",35-39,M,29,35,33,1662,0,0.000000000,1,1
747489,21/08/2017,21/08/2017,936,"110,882",40-44,M,2,7,6,4016,2,1.480000049,1,1
747514,21/08/2017,21/08/2017,936,"110,886",40-44,M,16,20,17,14843,3,2.939999938,1,1
747645,21/08/2017,21/08/2017,936,"110,908",45-49,M,10,14,13,9674,3,4.600000024,1,1
747659,25/08/2017,25/08/2017,936,"110,910",45-49,M,16,21,17,12186,2,2.669999957,1,0
747675,25/08/2017,25/08/2017,936,"110,913",45-49,M,20,22,21,673,0,0.000000000,1,0
747678,25/08/2017,25/08/2017,936,"110,914",45-49,M,21,27,23,370,0,0.000000000,1,1
747712,24/08/2017,24/08/2017,936,"110,919",45-49,M,26,30,29,450,0,0.000000000,1,1
747790,24/08/2017,24/08/2017,936,"110,932",30-34,F,10,12,14,2077,0,0.000000000,1,1
747791,25/08/2017,25/08/2017,936,"110,932",30-34,F,10,14,13,31393,8,10.960000510,1,1
747795,25/08/2017,25/08/2017,936,"110,933",30-34,F,15,21,18,8410,2,2.359999895,1,1
747798,25/08/2017,25/08/2017,936,"110,934",30-34,F,16,21,20,25884,5,7.350000143,1,0
747824,25/08/2017,25/08/2017,936,"110,938",30-34,F,21,24,23,608,0,0.000000000,1,1
747828,25/08/2017,25/08/2017,936,"110,939",30-34,F,22,24,24,28488,10,9.340000033,1,0
747852,24/08/2017,24/08/2017,936,"110,943",30-34,F,26,32,32,10126,3,4.619999886,1,0
747859,24/08/2017,24/08/2017,936,"110,944",30-34,F,27,32,33,22572,5,8.500000000,1,0
747863,24/08/2017,24/08/2017,936,"110,944",30-34,F,27,30,33,1955,0,0.000000000,1,1
747879,24/08/2017,24/08/2017,936,"110,947",30-34,F,30,36,31,493,0,0.000000000,1,0
747903,24/08/2017,24/08/2017,936,"110,951",30-34,F,63,69,69,1491,0,0.000000000,1,1
747911,24/08/2017,24/08/2017,936,"110,952",30-34,F,64,66,66,1495,0,0.000000000,1,1
747968,24/08/2017,24/08/2017,936,"110,962",35-39,F,21,27,24,512,0,0.000000000,0,0
747991,24/08/2017,24/08/2017,936,"110,966",35-39,F,25,31,27,4868,2,2.420000076,1,0
748000,24/08/2017,24/08/2017,936,"110,967",35-39,F,26,27,32,6585,2,2.950000048,1,0
748007,24/08/2017,24/08/2017,936,"110,968",35-39,F,27,29,28,10164,2,3.720000029,1,1
748014,24/08/2017,24/08/2017,936,"110,970",35-39,F,29,31,35,11182,4,4.449999809,1,0
748045,25/08/2017,25/08/2017,936,"110,975",35-39,F,63,69,64,1238,0,0.000000000,1,0
748086,25/08/2017,25/08/2017,936,"110,982",40-44,F,16,19,18,34127,8,13.070000170,1,0
748087,26/08/2017,26/08/2017,936,"110,982",40-44,F,16,22,19,29466,7,10.849999670,2,0
748089,26/08/2017,26/08/2017,936,"110,982",40-44,F,16,18,21,38759,9,10.849999670,1,0
748091,26/08/2017,26/08/2017,936,"110,982",40-44,F,16,17,19,41720,10,12.060000060,1,1
748225,26/08/2017,26/08/2017,936,"111,005",45-49,F,15,16,17,18602,5,8.860000134,1,0
748230,26/08/2017,26/08/2017,936,"111,006",45-49,F,16,17,20,83929,21,27.729999540,4,1
748231,27/08/2017,27/08/2017,936,"111,006",45-49,F,16,18,21,25194,6,7.349999905,1,0
748233,27/08/2017,27/08/2017,936,"111,006",45-49,F,16,22,18,78627,19,26.530000450,1,0
748235,26/08/2017,26/08/2017,936,"111,006",45-49,F,16,18,19,102695,25,39.429999830,3,0
748294,26/08/2017,26/08/2017,936,"111,016",45-49,F,27,32,31,82827,24,47.930000310,3,0
748295,26/08/2017,26/08/2017,936,"111,016",45-49,F,27,31,32,9240,3,6.039999962,1,0
748303,25/08/2017,25/08/2017,936,"111,018",45-49,F,29,32,33,7706,2,2.369999886,1,0
748314,25/08/2017,25/08/2017,936,"111,020",45-49,F,31,34,32,7821,4,6.340000153,1,1
748341,25/08/2017,25/08/2017,936,"111,024",45-49,F,64,67,68,1363,0,0.000000000,1,1
776318,25/08/2017,25/08/2017,936,"115,484",45-49,F,15,16,19,3569,0,0.000000000,1,1
776322,25/08/2017,25/08/2017,936,"115,485",45-49,F,16,21,20,119063,34,53.219999490,1,0
776323,26/08/2017,26/08/2017,936,"115,485",45-49,F,16,17,18,99078,23,35.799999480,2,0
776325,26/08/2017,26/08/2017,936,"115,485",45-49,F,16,19,20,452398,114,180.220001200,1,0
776334,26/08/2017,26/08/2017,936,"115,487",45-49,F,10,12,16,191223,48,76.410000560,1,0
776336,26/08/2017,26/08/2017,936,"115,487",45-49,F,10,15,14,22216,6,9.549999952,1,0
776338,23/08/2017,23/08/2017,936,"115,487",45-49,F,10,12,11,48291,11,18.019999980,1,0
776353,23/08/2017,23/08/2017,936,"115,490",40-44,F,63,66,67,27559,8,13.370000000,1,0
776373,21/08/2017,21/08/2017,936,"115,493",45-49,F,25,27,27,10194,4,4.590000033,2,1
776383,21/08/2017,21/08/2017,936,"115,495",45-49,F,23,27,29,1168,0,0.000000000,1,1
776405,21/08/2017,21/08/2017,936,"115,498",45-49,F,21,25,22,40126,16,25.860000010,1,0
776416,21/08/2017,21/08/2017,936,"115,500",45-49,F,19,22,20,3659,1,0.490000010,1,1
776430,22/08/2017,22/08/2017,936,"115,503",30-34,M,10,14,16,3200,0,0.000000000,1,0
776464,22/08/2017,22/08/2017,936,"115,508",45-49,F,29,30,31,7550,1,1.679999948,1,1
776469,22/08/2017,22/08/2017,936,"115,509",45-49,F,28,33,29,45397,15,25.419999360,1,1
776473,22/08/2017,22/08/2017,936,"115,510",30-34,M,16,22,22,23086,2,3.310000062,1,1
776475,21/08/2017,21/08/2017,936,"115,510",30-34,M,16,21,20,16425,1,1.549999952,1,0
776476,21/08/2017,21/08/2017,936,"115,510",30-34,M,16,17,18,43756,5,5.439999938,0,0
776477,21/08/2017,21/08/2017,936,"115,510",30-34,M,16,22,17,9982,0,0.000000000,1,0
776489,21/08/2017,21/08/2017,936,"115,512",45-49,F,26,31,28,175389,55,81.609997870,1,0
776494,21/08/2017,21/08/2017,936,"115,513",30-34,M,15,16,16,7015,0,0.000000000,1,0
776515,21/08/2017,21/08/2017,936,"115,517",45-49,F,65,68,68,12706,3,4.989999890,1,1
776519,21/08/2017,21/08/2017,936,"115,517",45-49,F,65,71,67,70702,20,31.709999800,1,0
776533,21/08/2017,21/08/2017,936,"115,520",45-49,F,63,64,68,63927,16,25.520000460,2,0
776534,21/08/2017,21/08/2017,936,"115,520",45-49,F,63,69,67,15105,3,4.259999990,1,0
776538,21/08/2017,21/08/2017,936,"115,521",30-34,F,15,16,19,8774,1,1.830000043,1,0
776551,21/08/2017,21/08/2017,936,"115,523",30-34,F,16,18,22,14459,1,1.389999986,1,0
776552,22/08/2017,22/08/2017,936,"115,523",30-34,F,16,17,18,21596,2,2.809999943,1,0
776553,22/08/2017,22/08/2017,936,"115,523",30-34,F,16,21,17,66765,8,11.049999710,1,0
776563,23/08/2017,23/08/2017,936,"115,525",30-34,F,7,9,13,1369,0,0.000000000,1,1
776579,23/08/2017,23/08/2017,936,"115,527",30-34,F,10,13,14,26910,5,7.229999781,1,0
776603,23/08/2017,23/08/2017,936,"115,531",30-34,F,2,3,6,506,0,0.000000000,1,0
776615,23/08/2017,23/08/2017,936,"115,533",45-49,M,63,66,68,11988,3,4.269999862,1,0
776623,23/08/2017,23/08/2017,936,"115,535",45-49,M,64,69,65,19353,6,9.479999900,1,1
776631,23/08/2017,23/08/2017,936,"115,536",40-44,M,29,35,33,10960,2,2.890000105,1,0
776643,23/08/2017,23/08/2017,936,"115,538",30-34,M,15,18,18,33491,6,10.569999690,2,1
776644,23/08/2017,23/08/2017,936,"115,538",30-34,M,15,21,20,20083,2,3.200000048,2,1
776659,23/08/2017,23/08/2017,936,"115,541",30-34,M,16,19,22,8817,0,0.000000000,1,1
776661,23/08/2017,23/08/2017,936,"115,541",30-34,M,16,18,22,15466,1,0.970000029,1,0
776662,22/08/2017,22/08/2017,936,"115,541",30-34,M,16,18,22,27072,3,4.370000005,1,0
776663,22/08/2017,22/08/2017,936,"115,541",30-34,M,16,19,22,15753,1,0.569999993,1,1
776668,22/08/2017,22/08/2017,936,"115,542",40-44,M,19,21,24,3523,1,1.809999943,1,1
776685,22/08/2017,22/08/2017,936,"115,545",40-44,M,16,22,17,7745,0,0.000000000,1,0
776686,22/08/2017,22/08/2017,936,"115,545",40-44,M,16,17,21,18709,2,3.319999933,1,0
776687,23/08/2017,23/08/2017,936,"115,545",40-44,M,16,20,20,8022,0,0.000000000,2,1
776696,22/08/2017,22/08/2017,936,"115,547",30-34,M,10,11,12,7966,1,1.179999948,1,1
776697,22/08/2017,22/08/2017,936,"115,547",30-34,M,10,14,13,4132,0,0.000000000,1,1
776698,22/08/2017,22/08/2017,936,"115,547",30-34,M,10,14,16,12785,3,4.730000019,2,1
776699,27/08/2017,27/08/2017,936,"115,547",30-34,M,10,16,16,8213,1,1.379999995,1,1
776722,27/08/2017,27/08/2017,936,"115,551",30-34,M,2,4,7,545,0,0.000000000,1,1
776725,22/08/2017,22/08/2017,936,"115,552",40-44,M,23,26,27,2479,1,1.259999990,1,0
776780,22/08/2017,22/08/2017,936,"115,561",40-44,M,2,4,3,3812,2,3.049999952,1,0
776793,22/08/2017,22/08/2017,936,"115,563",45-49,M,21,23,26,1609,0,0.000000000,1,0
776799,22/08/2017,22/08/2017,936,"115,564",45-49,M,20,22,26,10257,3,3.579999924,1,1
776817,22/08/2017,22/08/2017,936,"115,567",40-44,M,10,14,16,12356,4,6.279999971,1,0
776825,23/08/2017,23/08/2017,936,"115,568",45-49,M,18,23,20,7410,1,1.210000038,1,0
776829,23/08/2017,23/08/2017,936,"115,569",45-49,M,16,20,19,140098,28,46.630000110,1,0
776831,22/08/2017,22/08/2017,936,"115,569",45-49,M,16,18,20,107021,20,34.440000120,1,0
776840,22/08/2017,22/08/2017,936,"115,571",35-39,M,36,38,40,2797,1,1.289999962,1,0
776861,22/08/2017,22/08/2017,936,"115,574",45-49,M,7,9,12,16461,6,9.219999790,1,0
776892,30/08/2017,30/08/2017,936,"115,580",40-44,M,63,66,69,17488,5,7.719999909,1,0
776928,30/08/2017,30/08/2017,936,"115,586",35-39,M,10,11,15,9750,2,1.500000000,1,1
776935,30/08/2017,30/08/2017,936,"115,587",45-49,M,36,41,38,1136,0,0.000000000,1,1
777105,30/08/2017,30/08/2017,936,"115,615",45-49,M,63,67,67,4333,1,0.180000007,1,1
777130,30/08/2017,30/08/2017,936,"115,619",35-39,M,16,21,22,6260,0,0.000000000,1,0
777131,22/08/2017,22/08/2017,936,"115,619",35-39,M,16,19,21,6359,0,0.000000000,1,0
777166,30/08/2017,30/08/2017,936,"115,625",30-34,M,63,69,65,2383,0,0.000000000,1,1
777187,30/08/2017,30/08/2017,936,"115,629",40-44,M,27,31,28,11292,3,5.389999866,1,1
777198,30/08/2017,30/08/2017,936,"115,631",30-34,M,64,70,69,12729,4,5.779999852,1,0
777200,23/08/2017,23/08/2017,936,"115,631",30-34,M,64,69,70,1898,0,0.000000000,1,1
777201,23/08/2017,23/08/2017,936,"115,631",30-34,M,64,69,65,1882,0,0.000000000,1,1
777235,24/08/2017,24/08/2017,936,"115,637",30-34,M,65,66,67,2883,1,0.990000010,1,1
777248,24/08/2017,24/08/2017,936,"115,639",30-34,F,7,9,10,3989,1,1.279999971,1,0
777261,24/08/2017,24/08/2017,936,"115,641",40-44,M,29,31,34,19603,4,5.279999971,1,1
777382,25/08/2017,25/08/2017,936,"115,675",40-44,M,24,26,27,3047,1,1.379999995,1,0
777398,25/08/2017,25/08/2017,936,"115,677",35-39,M,24,27,30,3029,1,1.049999952,1,1
777410,25/08/2017,25/08/2017,936,"115,679",45-49,M,26,29,28,3490,1,1.340000033,1,1
777482,25/08/2017,25/08/2017,936,"115,691",45-49,M,28,32,32,2479,0,0.000000000,1,0
777495,25/08/2017,25/08/2017,936,"115,693",40-44,M,19,25,25,19581,7,10.429999830,2,0
777519,24/08/2017,24/08/2017,936,"115,697",45-49,M,29,34,32,19537,5,6.099999905,1,0
777625,24/08/2017,24/08/2017,936,"115,715",45-49,M,16,17,19,59433,12,19.659999490,3,0
777627,23/08/2017,23/08/2017,936,"115,715",45-49,M,16,17,19,157534,33,56.190000770,2,0
777638,23/08/2017,23/08/2017,936,"115,717",40-44,M,7,10,12,1781,0,0.000000000,1,1
777670,23/08/2017,23/08/2017,936,"115,723",40-44,M,16,19,19,23769,4,6.029999852,1,0
777673,23/08/2017,23/08/2017,936,"115,723",40-44,M,16,18,17,7101,0,0.000000000,1,0
777742,23/08/2017,23/08/2017,936,"115,735",35-39,M,64,69,68,4726,1,1.830000043,1,1
777758,24/08/2017,24/08/2017,936,"115,737",30-34,M,19,20,20,5209,1,0.959999979,2,0
777794,24/08/2017,24/08/2017,936,"115,743",30-34,M,18,23,24,13473,3,2.619999945,3,0
777816,23/08/2017,23/08/2017,936,"115,747",40-44,M,2,7,7,500,0,0.000000000,1,1
777871,23/08/2017,23/08/2017,936,"115,756",30-34,M,20,26,23,4616,1,1.360000014,1,0
777904,30/08/2017,30/08/2017,936,"115,762",30-34,M,31,32,33,3279,0,0.000000000,1,0
777905,30/08/2017,30/08/2017,936,"115,762",30-34,M,31,36,36,3288,0,0.000000000,1,0
778037,28/08/2017,28/08/2017,936,"115,784",35-39,M,27,29,28,14615,4,6.050000191,1,0
778048,28/08/2017,28/08/2017,936,"115,786",30-34,M,27,28,29,56615,12,19.880000350,2,0
778085,28/08/2017,28/08/2017,936,"115,792",30-34,M,26,32,31,11735,3,4.529999971,1,1
778087,28/08/2017,28/08/2017,936,"115,792",30-34,M,26,30,32,15910,5,6.779999852,1,0
778112,28/08/2017,28/08/2017,936,"115,796",35-39,M,29,33,35,11446,2,3.090000033,1,1
778113,28/08/2017,28/08/2017,936,"115,796",35-39,M,29,35,35,4595,0,0.000000000,1,0
778124,28/08/2017,28/08/2017,936,"115,798",30-34,M,29,34,32,4871,0,0.000000000,1,0
778148,28/08/2017,28/08/2017,936,"115,802",35-39,M,28,32,30,3199,0,0.000000000,1,0
778156,28/08/2017,28/08/2017,936,"115,804",30-34,M,28,32,31,9388,2,3.140000105,1,0
778161,27/08/2017,27/08/2017,936,"115,804",30-34,M,28,31,33,17954,6,7.540000200,2,1
778208,27/08/2017,27/08/2017,936,"115,812",40-44,F,29,32,32,2755,0,0.000000000,1,0
778264,27/08/2017,27/08/2017,936,"115,822",40-44,F,27,31,30,8152,1,0.990000010,1,0
778266,27/08/2017,27/08/2017,936,"115,822",40-44,F,27,32,28,74542,19,34.150000100,1,0
778421,27/08/2017,27/08/2017,936,"115,848",40-44,F,20,21,23,6699,2,3.090000033,1,0
778422,27/08/2017,27/08/2017,936,"115,848",40-44,F,20,25,24,11911,4,3.959999919,1,0
778461,27/08/2017,27/08/2017,936,"115,854",40-44,M,29,35,33,10090,2,2.650000095,1,1
778471,27/08/2017,27/08/2017,936,"115,856",30-34,M,32,35,36,1273,0,0.000000000,1,1
778483,27/08/2017,27/08/2017,936,"115,858",40-44,F,18,24,20,24188,5,8.179999828,1,0
778529,27/08/2017,27/08/2017,936,"115,866",30-34,M,31,35,33,2214,0,0.000000000,1,0
778556,28/08/2017,28/08/2017,936,"115,870",40-44,M,32,35,38,9735,4,4.130000114,1,1
778590,28/08/2017,28/08/2017,936,"115,876",30-34,M,30,36,36,1371,0,0.000000000,1,1
778600,29/08/2017,29/08/2017,936,"115,878",40-44,F,22,23,25,10750,4,5.389999866,1,0
778626,29/08/2017,29/08/2017,936,"115,882",30-34,M,29,33,35,7629,1,0.720000029,1,1
778628,29/08/2017,29/08/2017,936,"115,882",30-34,M,29,35,30,4608,0,0.000000000,1,0
778674,29/08/2017,29/08/2017,936,"115,890",35-39,M,29,31,30,3732,0,0.000000000,1,0
778689,30/08/2017,30/08/2017,936,"115,892",30-34,M,28,32,32,7453,1,1.679999948,1,1
778722,30/08/2017,30/08/2017,936,"115,898",35-39,F,64,70,67,41785,14,19.100000380,1,0
778737,30/08/2017,30/08/2017,936,"115,900",35-39,M,27,32,30,8077,2,3.579999924,1,1
778756,30/08/2017,30/08/2017,936,"115,904",35-39,F,63,65,65,5602,1,1.580000043,1,0
778804,30/08/2017,30/08/2017,936,"115,912",30-34,M,26,29,29,6184,2,2.750000000,1,1
778808,29/08/2017,29/08/2017,936,"115,912",30-34,M,26,28,29,1738,0,0.000000000,1,0
778964,29/08/2017,29/08/2017,936,"115,938",35-39,F,27,33,28,112460,25,41.290000680,1,0
779057,29/08/2017,29/08/2017,936,"115,954",40-44,M,15,21,21,4414,0,0.000000000,1,0
779106,28/08/2017,28/08/2017,936,"115,962",35-39,F,30,35,36,14670,7,9.410000324,1,0
779438,28/08/2017,28/08/2017,936,"116,031",30-34,F,64,66,69,33144,9,13.409999850,1,0
779453,29/08/2017,29/08/2017,936,"116,033",45-49,M,64,68,70,4397,1,0.949999988,1,0
779488,29/08/2017,29/08/2017,936,"116,039",45-49,M,65,68,69,1006,0,0.000000000,1,0
779573,29/08/2017,29/08/2017,936,"116,053",35-39,F,10,13,16,89527,24,32.289999960,1,0
779608,29/08/2017,29/08/2017,936,"116,059",35-39,F,15,18,16,2459,0,0.000000000,1,0
779609,29/08/2017,29/08/2017,936,"116,059",35-39,F,15,20,18,7116,2,1.730000019,1,1
779622,29/08/2017,29/08/2017,936,"116,061",30-34,F,15,18,17,8613,1,0.889999986,2,0
779631,19/08/2017,19/08/2017,936,"116,063",35-39,F,16,19,18,9730,1,1.379999995,1,0
779644,19/08/2017,19/08/2017,936,"116,065",30-34,F,16,20,20,51816,8,10.229999900,2,1
779645,22/08/2017,22/08/2017,936,"116,065",30-34,F,16,21,20,27289,3,4.429999828,1,0
779715,22/08/2017,22/08/2017,936,"116,077",30-34,F,29,32,33,20409,4,3.829999924,1,0
779716,22/08/2017,22/08/2017,936,"116,077",30-34,F,29,32,34,8044,1,1.110000014,1,0
779738,22/08/2017,22/08/2017,936,"116,081",30-34,F,28,32,33,15645,4,5.349999905,1,0
779778,22/08/2017,22/08/2017,936,"116,087",30-34,F,31,37,34,2466,0,0.000000000,2,2
779789,22/08/2017,22/08/2017,936,"116,089",45-49,M,10,14,13,11611,3,3.950000048,1,1
779824,22/08/2017,22/08/2017,936,"116,095",45-49,M,7,13,9,9375,3,4.019999981,1,0
779871,22/08/2017,22/08/2017,936,"116,103",30-34,F,32,37,34,4402,1,1.330000043,1,1
779918,22/08/2017,22/08/2017,936,"116,111",30-34,F,18,23,24,8469,2,3.089999914,1,0
779922,22/08/2017,22/08/2017,936,"116,111",30-34,F,18,22,24,5823,1,1.419999957,1,1
779944,21/08/2017,21/08/2017,936,"116,115",35-39,M,10,13,16,2549,0,0.000000000,1,0
779979,21/08/2017,21/08/2017,936,"116,121",35-39,M,16,17,21,25817,4,6.019999981,1,0
779995,21/08/2017,21/08/2017,936,"116,123",30-34,F,20,24,25,1961,0,0.000000000,1,0
780064,21/08/2017,21/08/2017,936,"116,135",30-34,F,22,24,25,2554,0,0.000000000,1,0
780104,21/08/2017,21/08/2017,936,"116,147",30-34,F,25,27,26,4971,1,1.230000019,1,1
780199,22/08/2017,22/08/2017,936,"116,163",35-39,F,23,28,27,1030,0,0.000000000,1,1
780318,22/08/2017,22/08/2017,936,"116,183",45-49,F,29,32,31,162341,56,77.079999690,3,0
780323,21/08/2017,21/08/2017,936,"116,183",45-49,F,29,35,34,24542,7,9.329999924,1,0
780486,21/08/2017,21/08/2017,936,"116,216",30-34,F,65,69,71,2879,0,0.000000000,1,1
780498,22/08/2017,22/08/2017,936,"116,218",30-34,F,64,65,68,13621,3,4.090000033,1,0
780511,23/08/2017,23/08/2017,936,"116,220",30-34,F,63,65,66,6175,1,1.370000005,2,1
780629,24/08/2017,24/08/2017,936,"116,240",30-34,F,28,34,34,2963,0,0.000000000,1,0
780653,24/08/2017,24/08/2017,936,"116,244",30-34,F,29,33,35,9076,1,1.379999995,1,1
780655,24/08/2017,24/08/2017,936,"116,244",30-34,F,29,33,34,20941,4,5.909999967,1,1
780666,24/08/2017,24/08/2017,936,"116,246",45-49,F,10,13,13,3462,0,0.000000000,1,0
780681,24/08/2017,24/08/2017,936,"116,248",30-34,F,26,29,29,4073,0,0.000000000,1,1
780700,18/08/2017,18/08/2017,936,"116,252",30-34,F,27,33,30,3745,0,0.000000000,1,0
780748,18/08/2017,18/08/2017,936,"116,265",30-34,F,24,26,28,830,0,0.000000000,1,0
780759,18/08/2017,18/08/2017,936,"116,267",45-49,F,18,24,22,2912,0,0.000000000,1,0
780760,24/08/2017,24/08/2017,936,"116,267",45-49,F,18,23,22,17167,5,6.910000086,1,0
780797,24/08/2017,24/08/2017,936,"116,273",30-34,F,22,25,25,24491,7,9.539999962,1,0
780799,23/08/2017,23/08/2017,936,"116,273",30-34,F,22,24,26,44699,13,17.300000370,2,0
780821,23/08/2017,23/08/2017,936,"116,277",30-34,F,23,24,25,6469,2,1.309999943,1,0
780830,23/08/2017,23/08/2017,936,"116,279",45-49,F,16,17,17,16053,3,4.079999924,1,1
780835,23/08/2017,23/08/2017,936,"116,279",45-49,F,16,21,21,54724,12,17.929999950,1,1
780867,23/08/2017,23/08/2017,936,"116,285",30-34,F,21,27,26,4706,1,1.220000029,1,0
780974,23/08/2017,23/08/2017,936,"116,303",40-44,F,32,38,36,8316,3,4.569999933,1,1
781066,23/08/2017,23/08/2017,936,"116,323",40-44,F,22,26,25,5794,2,2.269999981,1,0
781114,23/08/2017,23/08/2017,936,"116,331",40-44,F,18,24,22,4813,1,1.029999971,1,0
781159,23/08/2017,23/08/2017,936,"116,339",40-44,F,10,15,11,85285,26,36.130000350,1,0
781162,21/08/2017,21/08/2017,936,"116,339",40-44,F,10,11,13,5839,1,1.370000005,1,0
781175,21/08/2017,21/08/2017,936,"116,341",40-44,F,15,16,21,5859,1,1.539999962,1,0
781187,18/08/2017,18/08/2017,936,"116,343",40-44,F,16,22,19,164118,41,59.069999930,1,0
781195,18/08/2017,18/08/2017,936,"116,345",35-39,F,63,67,69,18234,6,7.810000062,1,0
781207,18/08/2017,18/08/2017,936,"116,347",35-39,F,64,67,70,2755,0,0.000000000,1,0
781303,19/08/2017,19/08/2017,936,"116,363",35-39,F,27,29,30,73676,20,28.500000000,1,0
781305,19/08/2017,19/08/2017,936,"116,363",35-39,F,27,30,28,18421,7,10.079999920,1,0
781327,19/08/2017,19/08/2017,936,"116,367",35-39,F,29,35,35,164754,49,67.979999780,2,1
781353,19/08/2017,19/08/2017,936,"116,371",35-39,F,10,13,15,7449,1,1.639999986,1,1
781354,19/08/2017,19/08/2017,936,"116,371",35-39,F,10,14,16,6424,1,0.529999971,1,0
781438,18/08/2017,18/08/2017,936,"116,385",30-34,M,63,65,68,2086,0,0.000000000,1,0
781470,18/08/2017,18/08/2017,936,"116,391",35-39,M,16,17,18,6016,0,0.000000000,1,0
781499,18/08/2017,18/08/2017,936,"116,395",35-39,M,15,21,20,6412,1,1.370000005,1,0
781508,24/08/2017,24/08/2017,936,"116,397",30-34,F,63,68,64,5040,1,1.440000057,1,0
781556,24/08/2017,24/08/2017,936,"116,405",30-34,F,32,37,36,1772,0,0.000000000,1,0
781559,18/08/2017,18/08/2017,936,"116,405",30-34,F,32,38,34,1783,0,0.000000000,1,0
781606,18/08/2017,18/08/2017,936,"116,413",35-39,M,20,21,24,8200,3,3.919999957,1,0
781690,18/08/2017,18/08/2017,936,"116,427",45-49,F,26,28,30,115896,38,49.440000060,1,0
781811,18/08/2017,18/08/2017,936,"116,447",35-39,F,16,17,22,10186,1,1.230000019,1,1
781857,18/08/2017,18/08/2017,936,"116,455",30-34,M,20,21,24,9134,3,4.180000067,2,0
781858,18/08/2017,18/08/2017,936,"116,455",30-34,M,20,25,22,3385,1,1.440000057,1,1
781907,19/08/2017,19/08/2017,936,"116,463",45-49,F,21,27,23,1314,0,0.000000000,1,0
781928,19/08/2017,19/08/2017,936,"116,467",30-34,M,18,21,22,2916,0,0.000000000,1,1
781929,20/08/2017,20/08/2017,936,"116,467",30-34,M,18,21,21,6142,1,1.330000043,1,0
781950,20/08/2017,20/08/2017,936,"116,471",30-34,F,20,26,21,1984,0,0.000000000,1,0
781999,20/08/2017,20/08/2017,936,"116,479",30-34,M,24,30,29,9142,3,3.749999881,1,0
782001,20/08/2017,20/08/2017,936,"116,479",30-34,M,24,30,28,5475,2,2.730000019,1,1
782022,20/08/2017,20/08/2017,936,"116,483",30-34,F,18,24,20,8254,2,2.320000052,1,1
782026,21/08/2017,21/08/2017,936,"116,483",30-34,F,18,24,20,5704,1,1.320000052,1,0
782130,21/08/2017,21/08/2017,936,"116,501",30-34,F,16,18,21,7301,0,0.000000000,1,0
782134,21/08/2017,21/08/2017,936,"116,501",30-34,F,16,19,21,37873,5,6.169999957,1,1
782135,20/08/2017,20/08/2017,936,"116,501",30-34,F,16,20,17,25267,4,4.940000057,2,1
782171,20/08/2017,20/08/2017,936,"116,507",30-34,F,30,31,32,535,0,0.000000000,1,0
782180,19/08/2017,19/08/2017,936,"116,509",30-34,M,29,34,30,3396,0,0.000000000,1,0
782219,19/08/2017,19/08/2017,936,"116,515",30-34,M,26,27,32,977,0,0.000000000,1,0
782228,19/08/2017,19/08/2017,936,"116,517",40-44,F,63,64,66,12318,5,6.340000153,1,1
782242,19/08/2017,19/08/2017,936,"116,519",30-34,F,28,34,31,4783,1,0.860000014,1,0
782275,19/08/2017,19/08/2017,936,"116,525",30-34,F,29,31,30,6475,1,1.350000024,1,0
782337,20/08/2017,20/08/2017,936,"116,535",45-49,F,16,18,19,104578,29,39.250000950,1,1
782407,20/08/2017,20/08/2017,936,"116,547",45-49,F,10,12,11,33664,11,12.510000350,1,0
782443,20/08/2017,20/08/2017,936,"116,553",40-44,F,20,25,24,979,0,0.000000000,1,0
782541,20/08/2017,20/08/2017,936,"116,569",40-44,F,28,29,30,7337,3,4.079999924,1,0
782587,18/08/2017,18/08/2017,936,"116,577",30-34,M,10,13,16,2499,0,0.000000000,1,0
782647,18/08/2017,18/08/2017,936,"116,587",40-44,F,27,33,30,11244,3,4.550000191,1,0
782658,23/08/2017,23/08/2017,936,"116,589",30-34,M,15,17,19,4827,0,0.000000000,1,0
782694,23/08/2017,23/08/2017,936,"116,595",35-39,F,29,31,35,29035,7,8.910000086,2,2
782706,23/08/2017,23/08/2017,936,"116,597",35-39,F,30,32,32,761,0,0.000000000,1,0
782754,23/08/2017,23/08/2017,936,"116,605",35-39,F,26,31,32,6532,1,1.610000014,1,0
782815,23/08/2017,23/08/2017,936,"116,615",40-44,F,10,16,15,11537,3,4.300000191,1,0
782816,23/08/2017,23/08/2017,936,"116,615",40-44,F,10,13,11,12183,3,2.869999945,1,0
782862,23/08/2017,23/08/2017,936,"116,623",35-39,F,64,70,67,5912,1,1.559999943,1,1
950068,23/08/2017,23/08/2017,936,"123,438",30-34,M,10,12,13,4012,1,1.570000052,1,0
950078,22/08/2017,22/08/2017,936,"123,440",30-34,M,16,22,17,12396,2,3.210000038,2,1
950079,22/08/2017,22/08/2017,936,"123,440",30-34,M,16,20,22,3142,0,0.000000000,2,2
950099,22/08/2017,22/08/2017,936,"123,443",30-34,M,18,23,23,1120,0,0.000000000,1,0
950109,22/08/2017,22/08/2017,936,"123,445",30-34,M,20,24,22,343,0,0.000000000,1,1
950170,22/08/2017,22/08/2017,936,"123,455",30-34,M,15,19,16,1720,0,0.000000000,1,1
950179,22/08/2017,22/08/2017,936,"123,457",30-34,M,16,22,19,3423,0,0.000000000,1,1
950182,22/08/2017,22/08/2017,936,"123,457",30-34,M,16,20,19,3242,0,0.000000000,1,0
950183,22/08/2017,22/08/2017,936,"123,457",30-34,M,16,22,19,15720,1,1.379999995,1,0
950200,22/08/2017,22/08/2017,936,"123,460",30-34,M,10,13,15,1217,0,0.000000000,1,1
950224,22/08/2017,22/08/2017,936,"123,464",40-44,M,20,21,23,2367,2,2.839999914,1,1
950326,22/08/2017,22/08/2017,936,"123,481",35-39,M,16,19,22,6607,1,1.320000052,2,0
950345,23/08/2017,23/08/2017,936,"123,484",30-34,M,64,66,65,616,0,0.000000000,1,0
950452,23/08/2017,23/08/2017,936,"123,502",45-49,M,16,22,22,5537,1,1.519999981,1,0
950463,19/08/2017,19/08/2017,936,"123,504",45-49,M,15,19,18,818,0,0.000000000,1,0
950495,19/08/2017,19/08/2017,936,"123,509",45-49,M,21,25,25,1909,1,0.980000019,1,0
950521,18/08/2017,18/08/2017,936,"123,514",30-34,M,21,27,25,351,0,0.000000000,1,0
950531,19/08/2017,19/08/2017,936,"123,515",45-49,M,22,24,26,572,0,0.000000000,1,0
950537,19/08/2017,19/08/2017,936,"123,516",40-44,M,36,41,40,1884,1,1.409999967,1,0
950550,19/08/2017,19/08/2017,936,"123,519",30-34,M,30,35,36,219,0,0.000000000,1,0
950577,19/08/2017,19/08/2017,936,"123,523",30-34,M,32,38,34,540,0,0.000000000,1,1
950578,19/08/2017,19/08/2017,936,"123,523",30-34,M,32,37,37,550,0,0.000000000,1,0
950595,18/08/2017,18/08/2017,936,"123,526",30-34,M,26,30,31,465,0,0.000000000,1,0
950609,18/08/2017,18/08/2017,936,"123,528",30-34,M,29,31,35,1761,0,0.000000000,1,1
950629,23/08/2017,23/08/2017,936,"123,532",30-34,M,65,67,68,152,0,0.000000000,1,1
950631,23/08/2017,23/08/2017,936,"123,532",30-34,M,65,70,70,152,0,0.000000000,1,1
950649,23/08/2017,23/08/2017,936,"123,535",30-34,M,64,67,70,429,0,0.000000000,1,0
950745,18/08/2017,18/08/2017,936,"123,551",30-34,M,29,32,31,1514,0,0.000000000,2,2
950770,18/08/2017,18/08/2017,936,"123,555",30-34,M,28,31,30,7780,3,4.329999924,2,2
950772,18/08/2017,18/08/2017,936,"123,556",35-39,M,28,30,33,460,0,0.000000000,1,0
950773,18/08/2017,18/08/2017,936,"123,556",35-39,M,28,29,32,471,0,0.000000000,1,0
950776,18/08/2017,18/08/2017,936,"123,556",35-39,M,28,29,32,2633,1,1.070000052,1,0
950787,18/08/2017,18/08/2017,936,"123,558",30-34,M,27,32,30,199,0,0.000000000,1,0
950808,22/08/2017,22/08/2017,936,"123,562",35-39,M,32,33,38,398,0,0.000000000,1,0
950839,22/08/2017,22/08/2017,936,"123,567",30-34,M,24,29,25,246,0,0.000000000,2,2
950878,19/08/2017,19/08/2017,936,"123,573",40-44,M,10,11,15,2967,1,1.500000000,1,1
950969,19/08/2017,19/08/2017,936,"123,588",45-49,M,36,38,40,255,0,0.000000000,1,0
951021,19/08/2017,19/08/2017,936,"123,597",30-34,F,7,13,9,457,0,0.000000000,1,1
951033,19/08/2017,19/08/2017,936,"123,599",30-34,F,10,13,13,5517,1,1.230000019,1,0
951035,19/08/2017,19/08/2017,936,"123,599",30-34,F,10,15,12,1539,0,0.000000000,1,1
951043,19/08/2017,19/08/2017,936,"123,601",30-34,F,16,22,17,3189,0,0.000000000,1,0
951045,19/08/2017,19/08/2017,936,"123,601",30-34,F,16,20,21,3348,0,0.000000000,1,0
951046,19/08/2017,19/08/2017,936,"123,601",30-34,F,16,18,17,20050,4,4.659999847,4,1
951102,19/08/2017,19/08/2017,936,"123,611",45-49,M,16,18,19,2254,0,0.000000000,1,0
951105,19/08/2017,19/08/2017,936,"123,611",45-49,M,16,20,21,5894,1,1.539999962,1,1
951133,18/08/2017,18/08/2017,936,"123,616",35-39,M,16,21,19,9948,2,2.720000029,2,0
951202,18/08/2017,18/08/2017,936,"123,627",45-49,F,26,29,28,5307,3,4.289999962,2,1
951225,18/08/2017,18/08/2017,936,"123,631",35-39,F,22,28,28,4621,2,3.250000000,1,1
951270,18/08/2017,18/08/2017,936,"123,639",35-39,F,18,21,19,784,0,0.000000000,1,1
951282,18/08/2017,18/08/2017,936,"123,641",35-39,F,16,22,17,5775,1,1.580000043,1,1
951285,19/08/2017,19/08/2017,936,"123,641",35-39,F,16,20,20,9297,2,2.619999886,2,1
951294,19/08/2017,19/08/2017,936,"123,643",35-39,F,15,16,17,699,0,0.000000000,1,0
951305,19/08/2017,19/08/2017,936,"123,644",35-39,F,10,12,13,1104,0,0.000000000,1,0
951334,18/08/2017,18/08/2017,936,"123,649",30-34,F,64,70,69,3717,1,1.539999962,1,0
951391,19/08/2017,19/08/2017,936,"123,659",30-34,F,28,29,33,2879,1,1.590000033,2,2
951392,20/08/2017,20/08/2017,936,"123,659",30-34,F,28,31,32,2749,1,1.389999986,1,0
951400,21/08/2017,21/08/2017,936,"123,660",45-49,F,10,12,15,24028,9,12.390000340,2,0
951402,21/08/2017,21/08/2017,936,"123,661",30-34,F,29,32,31,1118,0,0.000000000,1,1
951413,21/08/2017,21/08/2017,936,"123,662",30-34,F,26,29,27,1083,0,0.000000000,2,1
951420,21/08/2017,21/08/2017,936,"123,664",30-34,F,27,33,32,843,0,0.000000000,1,0
951444,21/08/2017,21/08/2017,936,"123,668",30-34,F,25,28,26,2983,1,0.970000029,1,0
951448,22/08/2017,22/08/2017,936,"123,668",30-34,F,25,30,28,696,0,0.000000000,1,0
951462,21/08/2017,21/08/2017,936,"123,671",45-49,F,16,20,19,7589,2,3.150000095,1,1
951464,21/08/2017,21/08/2017,936,"123,671",45-49,F,16,17,21,20997,10,11.949999810,1,0
951465,21/08/2017,21/08/2017,936,"123,671",45-49,F,16,18,17,4617,1,1.360000014,1,0
951498,21/08/2017,21/08/2017,936,"123,677",45-49,F,20,22,21,259,0,0.000000000,1,0
951508,21/08/2017,21/08/2017,936,"123,678",30-34,F,18,21,22,1134,0,0.000000000,1,0
951542,20/08/2017,20/08/2017,936,"123,684",40-44,F,27,32,28,357,0,0.000000000,1,0
951607,20/08/2017,20/08/2017,936,"123,695",40-44,F,10,15,15,848,0,0.000000000,1,1
951608,20/08/2017,20/08/2017,936,"123,695",40-44,F,10,15,13,3149,1,1.480000019,1,0
951641,20/08/2017,20/08/2017,936,"123,700",40-44,F,2,4,7,87,0,0.000000000,1,1
951677,20/08/2017,20/08/2017,936,"123,706",35-39,F,27,28,31,2563,1,1.480000019,1,0
951692,21/08/2017,21/08/2017,936,"123,709",35-39,F,10,15,14,1107,0,0.000000000,1,0
951715,20/08/2017,20/08/2017,936,"123,713",45-49,F,64,65,65,10677,5,7.269999981,1,0
951756,20/08/2017,20/08/2017,936,"123,720",35-39,F,22,25,26,2189,1,0.409999996,1,0
951779,20/08/2017,20/08/2017,936,"123,723",45-49,F,27,32,29,3277,2,2.680000067,1,0
951782,24/08/2017,24/08/2017,936,"123,724",45-49,F,26,30,29,781,0,0.000000000,1,0
951810,24/08/2017,24/08/2017,936,"123,729",35-39,F,16,17,22,2226,0,0.000000000,1,0
951812,29/08/2017,29/08/2017,936,"123,729",35-39,F,16,18,18,16274,4,6.079999924,2,0
951837,29/08/2017,29/08/2017,936,"123,733",45-49,F,20,23,23,2077,1,1.509999990,1,1
951853,29/08/2017,29/08/2017,936,"123,736",30-34,F,20,23,25,529,0,0.000000000,0,0
951854,25/08/2017,25/08/2017,936,"123,736",30-34,F,20,26,25,487,0,0.000000000,1,0
951856,25/08/2017,25/08/2017,936,"123,736",30-34,F,20,23,21,4626,2,2.099999905,2,0
951941,25/08/2017,25/08/2017,936,"123,750",30-34,F,28,33,34,2764,1,1.559999943,1,1
952001,25/08/2017,25/08/2017,936,"123,760",45-49,F,10,12,13,5447,2,2.960000038,1,0
952031,25/08/2017,25/08/2017,936,"123,765",40-44,F,16,17,17,28169,8,12.369999890,1,1
952080,29/08/2017,29/08/2017,936,"123,774",40-44,F,27,30,30,415,0,0.000000000,1,0
952100,29/08/2017,29/08/2017,936,"123,777",35-39,F,29,31,30,810,0,0.000000000,1,1
1121091,28/08/2017,28/08/2017,"1,178","144,531",30-34,M,10,11,15,1194718,141,254.049996000,28,14
1121092,28/08/2017,28/08/2017,"1,178","144,531",30-34,M,10,12,11,637648,67,122.400000000,13,5
1121094,28/08/2017,28/08/2017,"1,178","144,531",30-34,M,10,16,15,24362,0,0.000000000,1,1
1121095,28/08/2017,28/08/2017,"1,178","144,531",30-34,M,10,16,12,459690,50,86.330001120,5,2
1121096,28/08/2017,28/08/2017,"1,178","144,531",30-34,M,10,11,16,750060,86,161.909999100,11,2
1121097,29/08/2017,29/08/2017,"1,178","144,532",30-34,M,15,18,18,30068,1,1.820000052,1,0
1121098,29/08/2017,29/08/2017,"1,178","144,532",30-34,M,15,18,21,1267550,123,236.769998600,24,10
1121100,29/08/2017,29/08/2017,"1,178","144,532",30-34,M,15,20,17,3052003,340,639.949998100,60,17
1121101,28/08/2017,28/08/2017,"1,178","144,532",30-34,M,15,17,21,29945,1,1.590000033,2,1
1121102,25/08/2017,25/08/2017,"1,178","144,532",30-34,M,15,18,20,357856,30,52.970000150,7,3
1121104,25/08/2017,25/08/2017,"1,178","144,533",30-34,M,16,20,20,2080666,202,360.150001500,40,21
1121105,26/08/2017,26/08/2017,"1,178","144,533",30-34,M,16,22,19,145999,9,16.520000100,5,2
1121107,26/08/2017,26/08/2017,"1,178","144,533",30-34,M,16,17,19,32616,1,1.539999962,2,0
1121108,26/08/2017,26/08/2017,"1,178","144,533",30-34,M,16,20,18,984521,95,163.899997200,26,14
1121110,26/08/2017,26/08/2017,"1,178","144,534",30-34,M,18,20,22,880814,123,210.360000600,6,2
1121111,26/08/2017,26/08/2017,"1,178","144,534",30-34,M,18,19,21,182452,20,35.730000260,4,1
1121113,27/08/2017,27/08/2017,"1,178","144,534",30-34,M,18,24,24,894911,120,215.839999400,7,4
1121114,27/08/2017,27/08/2017,"1,178","144,534",30-34,M,18,23,23,31349,2,3.800000072,1,0
1121115,26/08/2017,26/08/2017,"1,178","144,535",30-34,M,19,21,21,410310,55,96.800000550,3,0
1121116,26/08/2017,26/08/2017,"1,178","144,535",30-34,M,19,20,24,572450,89,157.329998000,7,4
1121117,26/08/2017,26/08/2017,"1,178","144,535",30-34,M,19,24,25,98759,15,26.569999460,1,1
1121119,25/08/2017,25/08/2017,"1,178","144,535",30-34,M,19,21,22,345371,54,93.089999910,7,3
1121121,25/08/2017,25/08/2017,"1,178","144,536",30-34,M,20,22,25,323899,46,78.920000200,5,1
1121122,25/08/2017,25/08/2017,"1,178","144,536",30-34,M,20,21,25,399199,58,103.150000200,3,0
1121123,25/08/2017,25/08/2017,"1,178","144,536",30-34,M,20,24,22,171202,22,36.530000210,3,1
1121124,26/08/2017,26/08/2017,"1,178","144,536",30-34,M,20,26,24,128386,15,28.850000020,2,1
1121125,26/08/2017,26/08/2017,"1,178","144,536",30-34,M,20,26,24,1034284,152,257.709998600,20,9
1121126,26/08/2017,26/08/2017,"1,178","144,536",30-34,M,20,21,24,45923,5,7.220000148,2,0
1121127,26/08/2017,26/08/2017,"1,178","144,537",30-34,M,21,23,22,40873,4,7.899999976,2,1
1121128,26/08/2017,26/08/2017,"1,178","144,537",30-34,M,21,26,22,286553,34,62.060000420,2,1
1121129,28/08/2017,28/08/2017,"1,178","144,537",30-34,M,21,25,25,20618,1,2.099999905,2,1
1121131,28/08/2017,28/08/2017,"1,178","144,537",30-34,M,21,27,25,83591,7,14.140000460,2,2
1121132,21/08/2017,21/08/2017,"1,178","144,537",30-34,M,21,23,27,114923,12,23.730000260,4,2
1121133,21/08/2017,21/08/2017,"1,178","144,538",30-34,M,22,25,23,25002,1,1.710000038,1,0
1121134,21/08/2017,21/08/2017,"1,178","144,538",30-34,M,22,27,28,68905,5,9.440000057,1,0
1121136,21/08/2017,21/08/2017,"1,178","144,538",30-34,M,22,26,26,169588,16,27.799999240,1,0
1121138,21/08/2017,21/08/2017,"1,178","144,538",30-34,M,22,26,24,328991,35,67.650000570,5,2
1121141,21/08/2017,21/08/2017,"1,178","144,539",30-34,M,23,29,27,23198,2,2.980000019,1,0
1121142,21/08/2017,21/08/2017,"1,178","144,539",30-34,M,23,24,27,26890,2,3.240000010,1,0
1121143,21/08/2017,21/08/2017,"1,178","144,539",30-34,M,23,28,27,221695,31,52.260000110,5,2
1121152,20/08/2017,20/08/2017,"1,178","144,541",30-34,M,24,29,28,88443,7,13.040000200,1,1
1121153,20/08/2017,20/08/2017,"1,178","144,541",30-34,M,24,27,30,187856,23,38.389999750,5,1
1121164,19/08/2017,19/08/2017,"1,178","144,545",30-34,M,25,31,30,570699,80,138.769999700,9,2
1121167,19/08/2017,19/08/2017,"1,178","144,545",30-34,M,25,29,31,1063508,145,260.380001300,23,7
1121168,19/08/2017,19/08/2017,"1,178","144,545",30-34,M,25,27,28,50523,6,8.549999952,1,0
1121172,20/08/2017,20/08/2017,"1,178","144,547",30-34,M,26,30,28,87935,9,15.630000230,1,0
1121173,20/08/2017,20/08/2017,"1,178","144,547",30-34,M,26,31,32,278225,33,60.199999570,3,0
1121175,20/08/2017,20/08/2017,"1,178","144,547",30-34,M,26,28,29,209461,20,34.190000060,1,0
1121177,20/08/2017,20/08/2017,"1,178","144,547",30-34,M,26,28,29,26316,2,3.240000010,3,0
1121181,20/08/2017,20/08/2017,"1,178","144,549",30-34,M,27,32,29,41030,3,5.140000105,2,1
1121182,20/08/2017,20/08/2017,"1,178","144,549",30-34,M,27,28,33,876671,120,216.559998200,22,4
1121183,21/08/2017,21/08/2017,"1,178","144,549",30-34,M,27,32,29,399392,53,93.070000410,5,0
1121184,22/08/2017,22/08/2017,"1,178","144,549",30-34,M,27,31,29,283858,30,56.059999230,1,0
1121185,23/08/2017,23/08/2017,"1,178","144,549",30-34,M,27,28,29,260699,31,54.099998710,5,2
1121193,23/08/2017,23/08/2017,"1,178","144,552",30-34,M,28,34,29,57781,5,7.800000072,2,1
1121195,23/08/2017,23/08/2017,"1,178","144,552",30-34,M,28,34,33,38757,3,5.220000029,1,0
1121196,23/08/2017,23/08/2017,"1,178","144,552",30-34,M,28,29,29,1392288,206,358.550002900,31,7
1121197,23/08/2017,23/08/2017,"1,178","144,552",30-34,M,28,30,32,1109387,159,280.989999500,13,2
1121202,28/08/2017,28/08/2017,"1,178","144,554",30-34,M,29,32,34,581281,65,115.120000800,10,5
1121203,23/08/2017,23/08/2017,"1,178","144,554",30-34,M,29,35,33,1048861,128,219.770002000,22,8
1121205,23/08/2017,23/08/2017,"1,178","144,554",30-34,M,29,32,30,297452,30,52.019999860,4,1
1121206,23/08/2017,23/08/2017,"1,178","144,554",30-34,M,29,34,31,227925,22,35.309999940,22,12
1121207,23/08/2017,23/08/2017,"1,178","144,554",30-34,M,29,34,31,374175,38,63.320001010,8,3
1121211,23/08/2017,23/08/2017,"1,178","144,556",30-34,M,30,32,31,223586,32,54.240000370,1,0
1121213,22/08/2017,22/08/2017,"1,178","144,556",30-34,M,30,31,35,283170,39,65.229999960,2,1
1121215,22/08/2017,22/08/2017,"1,178","144,556",30-34,M,30,31,34,41636,3,4.210000038,1,0
1121216,22/08/2017,22/08/2017,"1,178","144,556",30-34,M,30,32,34,198658,30,48.609999780,8,1
1121220,22/08/2017,22/08/2017,"1,178","144,558",30-34,M,31,37,35,100596,10,13.919999720,4,2
1121223,22/08/2017,22/08/2017,"1,178","144,558",30-34,M,31,37,35,64020,5,11.059999700,1,0
1121224,23/08/2017,23/08/2017,"1,178","144,558",30-34,M,31,32,33,14289,0,0.000000000,1,0
1121229,22/08/2017,22/08/2017,"1,178","144,561",30-34,M,32,36,37,404866,43,87.420000790,4,0
1121231,22/08/2017,22/08/2017,"1,178","144,561",30-34,M,32,36,35,22256,1,1.659999967,1,1
1121233,22/08/2017,22/08/2017,"1,178","144,561",30-34,M,32,34,36,57690,4,6.740000010,1,0
1121241,27/08/2017,27/08/2017,"1,178","144,562",30-34,M,36,40,37,24952,5,8.220000267,3,2
1121242,27/08/2017,27/08/2017,"1,178","144,562",30-34,M,36,37,39,38900,3,5.580000043,1,0
1121243,22/08/2017,22/08/2017,"1,178","144,562",30-34,M,36,42,42,53520,6,9.229999900,1,1
1121244,22/08/2017,22/08/2017,"1,178","144,562",30-34,M,36,41,41,181683,20,34.229999720,2,1
1121245,22/08/2017,22/08/2017,"1,178","144,562",30-34,M,36,37,40,29185,2,3.149999976,1,0
1121246,22/08/2017,22/08/2017,"1,178","144,562",30-34,M,36,41,38,105047,13,20.209999400,3,1
1121250,22/08/2017,22/08/2017,"1,178","144,565",30-34,M,63,67,64,287976,31,59.439999820,3,2
1121251,23/08/2017,23/08/2017,"1,178","144,565",30-34,M,63,65,69,212175,22,38.589999680,2,1
1121252,23/08/2017,23/08/2017,"1,178","144,565",30-34,M,63,69,67,11139,0,0.000000000,1,1
1121254,22/08/2017,22/08/2017,"1,178","144,565",30-34,M,63,64,65,124005,11,21.849999790,4,1
1121255,22/08/2017,22/08/2017,"1,178","144,565",30-34,M,63,64,67,20423,1,1.960000038,1,0
1121261,22/08/2017,22/08/2017,"1,178","144,567",30-34,M,64,67,65,103001,14,22.320000050,1,0
1121262,30/08/2017,30/08/2017,"1,178","144,567",30-34,M,64,66,67,447420,66,110.239999100,7,2
1121263,30/08/2017,30/08/2017,"1,178","144,567",30-34,M,64,66,69,156101,19,29.750000480,2,2
1121264,30/08/2017,30/08/2017,"1,178","144,567",30-34,M,64,70,67,93015,12,18.470000150,1,0
1121265,22/08/2017,22/08/2017,"1,178","144,568",30-34,M,65,70,68,145398,23,36.240000250,1,0
1121269,22/08/2017,22/08/2017,"1,178","144,568",30-34,M,65,67,67,296413,50,76.439999580,3,1
1121273,22/08/2017,22/08/2017,"1,178","144,569",30-34,M,2,4,4,9370,0,0.000000000,1,1
1121274,22/08/2017,22/08/2017,"1,178","144,569",30-34,M,2,4,7,63785,7,11.800000190,6,2
1121275,22/08/2017,22/08/2017,"1,178","144,569",30-34,M,2,8,3,118522,14,26.819999810,2,1
1121276,22/08/2017,22/08/2017,"1,178","144,569",30-34,M,2,5,5,240123,38,65.670001150,5,4
1121277,23/08/2017,23/08/2017,"1,178","144,570",30-34,M,7,9,13,169108,20,32.240000250,2,1
1121278,23/08/2017,23/08/2017,"1,178","144,570",30-34,M,7,13,10,1044442,142,245.599999900,22,8
1121279,24/08/2017,24/08/2017,"1,178","144,570",30-34,M,7,10,13,93891,11,17.640000100,5,3
1121282,24/08/2017,24/08/2017,"1,178","144,570",30-34,M,7,11,10,185823,25,38.549999360,4,1
1121284,24/08/2017,24/08/2017,"1,178","144,571",30-34,M,66,68,70,175631,23,40.759999510,1,0
1121285,24/08/2017,24/08/2017,"1,178","144,571",30-34,M,66,68,70,37187,4,6.370000005,1,0
1121286,24/08/2017,24/08/2017,"1,178","144,571",30-34,M,66,67,69,10991,0,0.000000000,1,0
1121287,24/08/2017,24/08/2017,"1,178","144,571",30-34,M,66,69,69,344618,51,89.760000470,3,1
1121289,24/08/2017,24/08/2017,"1,178","144,572",35-39,M,10,14,13,98066,9,16.150000100,1,0
1121290,24/08/2017,24/08/2017,"1,178","144,572",35-39,M,10,13,12,770749,100,189.129998400,13,3
1121291,24/08/2017,24/08/2017,"1,178","144,572",35-39,M,10,16,14,52553,5,8.529999852,1,0
1121292,23/08/2017,23/08/2017,"1,178","144,572",35-39,M,10,15,16,362296,39,67.770001290,7,3
1121293,23/08/2017,23/08/2017,"1,178","144,572",35-39,M,10,16,13,427729,50,96.899998900,4,1
1121296,23/08/2017,23/08/2017,"1,178","144,573",35-39,M,15,17,19,180351,21,37.130000110,1,1
1121297,23/08/2017,23/08/2017,"1,178","144,573",35-39,M,15,16,16,187329,29,53.159999610,2,1
1121300,23/08/2017,23/08/2017,"1,178","144,573",35-39,M,15,16,17,782894,118,192.929999500,5,2
1121302,23/08/2017,23/08/2017,"1,178","144,574",35-39,M,16,17,22,1206533,128,236.119998800,17,6
1121303,23/08/2017,23/08/2017,"1,178","144,574",35-39,M,16,19,21,84494,7,12.570000170,2,0
1121304,23/08/2017,23/08/2017,"1,178","144,574",35-39,M,16,17,20,94257,7,12.580000400,1,1
1121309,23/08/2017,23/08/2017,"1,178","144,575",35-39,M,18,24,20,131060,16,28.049999590,2,1
1121310,23/08/2017,23/08/2017,"1,178","144,575",35-39,M,18,21,19,341603,50,83.480001210,4,2
1121311,30/08/2017,30/08/2017,"1,178","144,575",35-39,M,18,20,24,140749,19,30.479999900,1,1
1121312,30/08/2017,30/08/2017,"1,178","144,575",35-39,M,18,19,21,102525,13,20.299999830,2,1
1121316,28/08/2017,28/08/2017,"1,178","144,576",35-39,M,19,23,23,447952,68,131.579998300,8,1
1121317,28/08/2017,28/08/2017,"1,178","144,576",35-39,M,19,25,23,76355,9,14.629999880,2,0
1121319,28/08/2017,28/08/2017,"1,178","144,577",35-39,M,20,26,26,256598,38,64.469999310,6,1
1121321,28/08/2017,28/08/2017,"1,178","144,577",35-39,M,20,21,21,127476,21,30.150000570,3,2
1121322,28/08/2017,28/08/2017,"1,178","144,577",35-39,M,20,22,24,237603,37,62.250000240,5,2
1121327,28/08/2017,28/08/2017,"1,178","144,578",35-39,M,21,22,22,271091,42,78.039999840,3,1
1121330,28/08/2017,28/08/2017,"1,178","144,578",35-39,M,21,23,22,21743,2,3.400000095,1,0
1121333,28/08/2017,28/08/2017,"1,178","144,579",35-39,M,22,25,25,88970,10,14.830000400,2,0
1121334,28/08/2017,28/08/2017,"1,178","144,579",35-39,M,22,24,26,108362,13,22.429999830,1,1
1121335,28/08/2017,28/08/2017,"1,178","144,579",35-39,M,22,25,23,188596,27,44.140000340,3,0
1121336,27/08/2017,27/08/2017,"1,178","144,579",35-39,M,22,24,24,275080,43,69.659999970,4,3
1121337,27/08/2017,27/08/2017,"1,178","144,580",35-39,M,23,28,28,64647,10,16.269999980,1,0
1121338,27/08/2017,27/08/2017,"1,178","144,580",35-39,M,23,27,24,31265,4,5.789999902,1,0
1121340,27/08/2017,27/08/2017,"1,178","144,580",35-39,M,23,27,28,140147,24,42.080000160,2,0
1121341,27/08/2017,27/08/2017,"1,178","144,580",35-39,M,23,26,27,223120,40,67.669999840,1,0
1121342,28/08/2017,28/08/2017,"1,178","144,580",35-39,M,23,29,27,104869,18,34.070000890,1,0
1121344,28/08/2017,28/08/2017,"1,178","144,581",35-39,M,24,27,27,165177,23,41.719999670,4,1
1121345,27/08/2017,27/08/2017,"1,178","144,581",35-39,M,24,29,29,84194,11,19.569999810,1,0
1121347,27/08/2017,27/08/2017,"1,178","144,581",35-39,M,24,25,28,220581,31,57.370000000,1,1
1121350,29/08/2017,29/08/2017,"1,178","144,582",35-39,M,25,27,31,75804,10,17.369999650,2,1
1121352,29/08/2017,29/08/2017,"1,178","144,582",35-39,M,25,30,29,368986,59,100.289999000,0,0
1121353,30/08/2017,30/08/2017,"1,178","144,582",35-39,M,25,30,27,28194,3,3.709999919,2,0
1121355,29/08/2017,29/08/2017,"1,178","144,583",35-39,M,26,29,27,99961,14,23.209999800,1,0
1121359,29/08/2017,29/08/2017,"1,178","144,583",35-39,M,26,28,27,7573,0,0.000000000,1,0
1121361,30/08/2017,30/08/2017,"1,178","144,584",35-39,M,27,28,33,685781,103,177.889999200,10,1
1121364,30/08/2017,30/08/2017,"1,178","144,584",35-39,M,27,30,28,274222,43,66.770000100,2,1
1121365,30/08/2017,30/08/2017,"1,178","144,584",35-39,M,27,33,31,110503,25,32.679999950,4,0
1121367,30/08/2017,30/08/2017,"1,178","144,585",35-39,M,28,31,29,1447755,233,420.579998300,11,8
1121368,30/08/2017,30/08/2017,"1,178","144,585",35-39,M,28,33,31,358987,52,87.550000670,1,0
1121369,30/08/2017,30/08/2017,"1,178","144,585",35-39,M,28,33,31,826205,125,232.370000800,5,1
1121370,29/08/2017,29/08/2017,"1,178","144,585",35-39,M,28,33,32,550954,84,150.140001200,3,0
1121372,29/08/2017,29/08/2017,"1,178","144,585",35-39,M,28,34,34,378350,55,96.480000730,4,0
1121373,29/08/2017,29/08/2017,"1,178","144,586",35-39,M,29,32,33,492784,56,95.510001300,7,4
1121374,29/08/2017,29/08/2017,"1,178","144,586",35-39,M,29,34,35,327158,43,72.310000300,6,2
1121375,29/08/2017,29/08/2017,"1,178","144,586",35-39,M,29,31,35,9921,0,0.000000000,1,0
1121377,29/08/2017,29/08/2017,"1,178","144,586",35-39,M,29,34,30,59390,5,9.209999919,5,3
1121378,29/08/2017,29/08/2017,"1,178","144,586",35-39,M,29,33,33,1040330,147,254.250003800,13,2
1121379,29/08/2017,29/08/2017,"1,178","144,587",35-39,M,30,31,35,49422,6,11.170000310,1,0
1121380,29/08/2017,29/08/2017,"1,178","144,587",35-39,M,30,35,32,131091,18,34.230000260,3,1
1121381,29/08/2017,29/08/2017,"1,178","144,587",35-39,M,30,31,36,95691,15,25.260000110,1,1
1121390,29/08/2017,29/08/2017,"1,178","144,588",35-39,M,31,32,36,15513,1,1.289999962,1,0
1121391,20/08/2017,20/08/2017,"1,178","144,589",35-39,M,32,33,33,382537,63,113.990001200,4,3
1121394,20/08/2017,20/08/2017,"1,178","144,589",35-39,M,32,37,33,461356,64,121.099998200,6,3
1121395,23/08/2017,23/08/2017,"1,178","144,589",35-39,M,32,38,34,392541,53,98.700000170,3,2
1121398,23/08/2017,23/08/2017,"1,178","144,590",35-39,M,36,39,38,35088,5,8.800000072,1,1
1121400,23/08/2017,23/08/2017,"1,178","144,590",35-39,M,36,38,41,53933,6,9.929999948,3,1
1121403,24/08/2017,24/08/2017,"1,178","144,591",35-39,M,63,65,68,228861,33,53.389999390,4,2
1121405,24/08/2017,24/08/2017,"1,178","144,591",35-39,M,63,66,69,20959,2,3.769999981,1,1
1121410,24/08/2017,24/08/2017,"1,178","144,592",35-39,M,64,68,70,24992,2,3.190000057,1,0
1121411,24/08/2017,24/08/2017,"1,178","144,592",35-39,M,64,70,65,100351,15,24.179999950,2,1
1121412,24/08/2017,24/08/2017,"1,178","144,592",35-39,M,64,68,70,292448,43,76.899999680,2,1
1121413,23/08/2017,23/08/2017,"1,178","144,592",35-39,M,64,67,69,65060,7,14.520000100,1,1
1121414,23/08/2017,23/08/2017,"1,178","144,592",35-39,M,64,70,66,133316,21,36.170000550,2,0
1121415,23/08/2017,23/08/2017,"1,178","144,593",35-39,M,65,66,71,113501,26,38.440000770,5,4
1121418,23/08/2017,23/08/2017,"1,178","144,593",35-39,M,65,71,70,192810,41,61.929999950,4,3
1121421,21/08/2017,21/08/2017,"1,178","144,594",35-39,M,2,8,6,233404,43,70.410000800,2,1
1121422,23/08/2017,23/08/2017,"1,178","144,594",35-39,M,2,7,7,128843,24,37.599999900,2,0
1121423,23/08/2017,23/08/2017,"1,178","144,594",35-39,M,2,5,7,63564,12,20.590000270,2,0
1121425,23/08/2017,23/08/2017,"1,178","144,594",35-39,M,2,8,7,85970,14,24.780000210,1,1
1121428,23/08/2017,23/08/2017,"1,178","144,595",35-39,M,7,9,13,131232,16,29.539999370,1,1
1121429,23/08/2017,23/08/2017,"1,178","144,595",35-39,M,7,13,9,152454,22,37.849999790,1,1
1121430,23/08/2017,23/08/2017,"1,178","144,595",35-39,M,7,10,9,28989,2,2.290000021,1,0
1121433,24/08/2017,24/08/2017,"1,178","144,596",35-39,M,66,69,72,80248,15,24.190000300,1,1
1121437,24/08/2017,24/08/2017,"1,178","144,596",35-39,M,66,68,68,38580,5,8.519999981,1,0
1121439,25/08/2017,25/08/2017,"1,178","144,597",40-44,M,10,11,15,621591,91,163.360000000,5,1
1121440,25/08/2017,25/08/2017,"1,178","144,597",40-44,M,10,15,11,250499,36,58.140000050,3,1
1121442,25/08/2017,25/08/2017,"1,178","144,597",40-44,M,10,15,14,131637,18,29.309999820,2,1
1121443,25/08/2017,25/08/2017,"1,178","144,597",40-44,M,10,12,15,463813,69,116.339999600,4,2
1121444,25/08/2017,25/08/2017,"1,178","144,597",40-44,M,10,13,12,211767,35,60.899999140,5,1
1121446,25/08/2017,25/08/2017,"1,178","144,598",40-44,M,15,17,17,163181,26,40.020000930,1,1
1121451,25/08/2017,25/08/2017,"1,178","144,599",40-44,M,16,20,18,1117385,147,260.069998400,11,2
1121452,25/08/2017,25/08/2017,"1,178","144,599",40-44,M,16,21,22,1663441,205,359.470000100,17,6
1121453,25/08/2017,25/08/2017,"1,178","144,599",40-44,M,16,18,17,455248,54,105.709999600,5,2
1121454,25/08/2017,25/08/2017,"1,178","144,599",40-44,M,16,22,20,75589,6,10.660000090,1,1
1121455,24/08/2017,24/08/2017,"1,178","144,599",40-44,M,16,21,22,594267,82,143.300000900,3,2
1121456,24/08/2017,24/08/2017,"1,178","144,599",40-44,M,16,22,22,315281,35,65.029998540,1,0
1121464,24/08/2017,24/08/2017,"1,178","144,601",40-44,M,19,23,25,363456,71,117.559999700,7,1
1121466,24/08/2017,24/08/2017,"1,178","144,601",40-44,M,19,23,25,438983,81,143.430000100,3,1
1121467,24/08/2017,24/08/2017,"1,178","144,601",40-44,M,19,20,24,42563,5,9.659999847,1,1
1121469,25/08/2017,25/08/2017,"1,178","144,602",40-44,M,20,26,21,399035,75,124.799999500,7,3
1121471,24/08/2017,24/08/2017,"1,178","144,602",40-44,M,20,21,26,304680,59,98.550000190,3,0
1121472,24/08/2017,24/08/2017,"1,178","144,602",40-44,M,20,21,25,140596,23,40.770000220,1,0
1121473,24/08/2017,24/08/2017,"1,178","144,602",40-44,M,20,25,22,439986,80,134.879999900,4,3
1121474,21/08/2017,21/08/2017,"1,178","144,602",40-44,M,20,26,26,75803,11,19.359999900,2,2
1121477,21/08/2017,21/08/2017,"1,178","144,603",40-44,M,21,27,22,7073,0,0.000000000,1,0
1121481,19/08/2017,19/08/2017,"1,178","144,604",40-44,M,22,27,25,153586,28,43.010000350,2,0
1121482,19/08/2017,19/08/2017,"1,178","144,604",40-44,M,22,24,24,180815,31,42.629999760,1,0
1121483,19/08/2017,19/08/2017,"1,178","144,604",40-44,M,22,26,23,253169,51,75.789999840,1,0
1121484,19/08/2017,19/08/2017,"1,178","144,604",40-44,M,22,28,27,34453,5,7.710000038,1,1
1121487,19/08/2017,19/08/2017,"1,178","144,605",40-44,M,23,25,26,51550,8,14.039999840,1,0
1121489,19/08/2017,19/08/2017,"1,178","144,605",40-44,M,23,28,24,110018,24,39.859999660,1,0
1121493,19/08/2017,19/08/2017,"1,178","144,606",40-44,M,24,28,30,137584,21,36.779999610,1,0
1121497,19/08/2017,19/08/2017,"1,178","144,606",40-44,M,24,25,27,209825,30,54.869999530,1,0
1121499,19/08/2017,19/08/2017,"1,178","144,607",40-44,M,25,27,31,264222,63,87.789999600,1,1
1121510,19/08/2017,19/08/2017,"1,178","144,608",40-44,M,26,30,31,31202,5,6.730000019,1,0
1121511,18/08/2017,18/08/2017,"1,178","144,609",40-44,M,27,29,32,252991,49,76.839999320,3,0
1121514,18/08/2017,18/08/2017,"1,178","144,609",40-44,M,27,31,30,56265,9,15.539999720,1,0
1121523,18/08/2017,18/08/2017,"1,178","144,611",40-44,M,29,32,34,76923,11,17.670000080,2,2
1121524,18/08/2017,18/08/2017,"1,178","144,611",40-44,M,29,30,35,209332,30,49.600000140,3,1
1121525,18/08/2017,18/08/2017,"1,178","144,611",40-44,M,29,32,33,214094,31,53.269999030,1,0
1121526,19/08/2017,19/08/2017,"1,178","144,611",40-44,M,29,35,32,526209,85,126.929999600,3,2
1121527,19/08/2017,19/08/2017,"1,178","144,611",40-44,M,29,35,35,741143,120,179.620001000,4,1
1121528,19/08/2017,19/08/2017,"1,178","144,611",40-44,M,29,33,31,172827,25,38.420000430,2,0
1121530,19/08/2017,19/08/2017,"1,178","144,612",40-44,M,30,36,33,188873,38,58.599999900,1,1
1121532,19/08/2017,19/08/2017,"1,178","144,612",40-44,M,30,35,32,123126,25,39.729999780,2,1
1121535,20/08/2017,20/08/2017,"1,178","144,613",40-44,M,31,33,32,77794,14,19.110000010,1,1
1121541,21/08/2017,21/08/2017,"1,178","144,614",40-44,M,32,33,37,56630,9,15.810000180,1,1
1121544,21/08/2017,21/08/2017,"1,178","144,614",40-44,M,32,33,36,400844,85,140.970002200,4,2
1121545,20/08/2017,20/08/2017,"1,178","144,614",40-44,M,32,33,35,208572,36,60.760000230,2,1
1121548,21/08/2017,21/08/2017,"1,178","144,615",40-44,M,36,38,37,59004,8,13.510000110,1,0
1121551,21/08/2017,21/08/2017,"1,178","144,615",40-44,M,36,40,39,196253,32,55.100000020,1,0
1121554,21/08/2017,21/08/2017,"1,178","144,616",40-44,M,63,64,66,51858,8,12.630000110,1,1
1121557,21/08/2017,21/08/2017,"1,178","144,616",40-44,M,63,68,64,280764,49,81.360000250,2,1
1121561,21/08/2017,21/08/2017,"1,178","144,617",40-44,M,64,69,70,63660,11,16.470000030,1,1
1121562,20/08/2017,20/08/2017,"1,178","144,617",40-44,M,64,65,67,109289,19,31.029999970,1,0
1121568,20/08/2017,20/08/2017,"1,178","144,618",40-44,M,65,70,70,188440,40,60.729999660,2,1
1121571,20/08/2017,20/08/2017,"1,178","144,619",40-44,M,2,3,5,212496,44,74.830001350,2,1
1121572,20/08/2017,20/08/2017,"1,178","144,619",40-44,M,2,6,3,32574,5,7.480000019,1,0
1121575,20/08/2017,20/08/2017,"1,178","144,619",40-44,M,2,4,5,128595,23,36.480000500,1,1
1121577,20/08/2017,20/08/2017,"1,178","144,620",40-44,M,7,9,11,242234,48,68.060000540,2,0
1121584,20/08/2017,20/08/2017,"1,178","144,621",40-44,M,66,67,67,33154,5,7.879999995,1,1
1121585,20/08/2017,20/08/2017,"1,178","144,621",40-44,M,66,72,68,9773,1,1.460000038,1,0
1121589,20/08/2017,20/08/2017,"1,178","144,622",45-49,M,10,16,11,464036,77,123.550000400,3,1
1121590,20/08/2017,20/08/2017,"1,178","144,622",45-49,M,10,16,15,478480,75,135.750001200,3,1
1121592,20/08/2017,20/08/2017,"1,178","144,622",45-49,M,10,14,11,428812,66,116.880000100,4,2
1121593,26/08/2017,26/08/2017,"1,178","144,622",45-49,M,10,16,16,1177535,221,365.660000900,15,3
1121594,26/08/2017,26/08/2017,45-49,M,10,14,14,"426,500",72,128.2799988,4,1.000000000,,
1121597,30/08/2017,30/08/2017,45-49,M,15,21,19,"54,237",7,10.77999985,2,1.000000000,,
1121598,30/08/2017,30/08/2017,45-49,M,15,19,18,"506,916",89,133.6999986,2,2.000000000,,
1121599,30/08/2017,30/08/2017,45-49,M,15,17,18,"250,960",42,64.87999952,2,0.000000000,,
1121601,30/08/2017,30/08/2017,45-49,M,16,20,18,"2,286,228",353,603.380002,16,7.000000000,,
1121602,30/08/2017,30/08/2017,45-49,M,16,21,20,"915,451",125,220.559999,6,1.000000000,,
1121603,30/08/2017,30/08/2017,45-49,M,16,21,17,"159,478",20,33.89999998,3,1.000000000,,
1121605,30/08/2017,30/08/2017,45-49,M,16,20,17,"1,228,924",190,318.9700032,6,3.000000000,,
1121606,30/08/2017,30/08/2017,45-49,M,16,22,17,"938,283",134,248.6400001,7,2.000000000,,
1121607,30/08/2017,30/08/2017,45-49,M,18,24,23,"154,572",26,40.93000007,1,1.000000000,,
1121609,30/08/2017,30/08/2017,45-49,M,18,19,19,"378,171",70,109.2500008,1,0.000000000,,
1121612,29/08/2017,29/08/2017,45-49,M,18,19,22,"468,749",84,134.1199975,6,1.000000000,,
1121613,29/08/2017,29/08/2017,45-49,M,19,25,25,"309,823",60,103.3899996,4,4.000000000,,
1121615,29/08/2017,29/08/2017,45-49,M,19,21,25,"327,227",65,116.5599996,5,0.000000000,,
1121616,29/08/2017,29/08/2017,45-49,M,19,23,24,"334,945",72,120.2999994,2,1.000000000,,
1121617,29/08/2017,29/08/2017,45-49,M,19,23,22,"68,859",15,25.45999968,1,0.000000000,,
1121619,30/08/2017,30/08/2017,45-49,M,20,22,26,"127,125",20,35.67999983,2,0.000000000,,
1121620,30/08/2017,30/08/2017,45-49,M,20,21,24,"415,798",80,131.7800006,3,1.000000000,,
1121622,30/08/2017,30/08/2017,45-49,M,20,22,23,"107,671",20,29.91000021,1,1.000000000,,
1121623,29/08/2017,29/08/2017,45-49,M,20,24,22,"164,356",28,46.7900002,2,1.000000000,,
1121624,30/08/2017,30/08/2017,45-49,M,20,26,25,"17,662",2,3.189999938,1,0.000000000,,
1121627,30/08/2017,30/08/2017,45-49,M,21,27,27,"65,339",10,16.67999983,2,0.000000000,,
1121628,19/08/2017,19/08/2017,45-49,M,21,25,22,"59,838",7,11.11000013,1,0.000000000,,
1121629,19/08/2017,19/08/2017,45-49,M,21,24,23,"381,577",81,127.5699993,2,0.000000000,,
1121635,19/08/2017,19/08/2017,45-49,M,22,24,27,"45,491",8,11.00999999,1,0.000000000,,
1121638,19/08/2017,19/08/2017,45-49,M,23,28,29,"18,946",2,3.599999905,1,0.000000000,,
1121641,19/08/2017,19/08/2017,45-49,M,23,29,29,"114,370",18,33.65999997,1,0.000000000,,
1121642,19/08/2017,19/08/2017,45-49,M,23,26,29,"99,698",21,33.3499999,1,0.000000000,,
1121644,19/08/2017,19/08/2017,45-49,M,24,26,25,"355,165",81,128.6099997,4,3.000000000,,
1121650,19/08/2017,19/08/2017,45-49,M,25,26,29,"101,431",23,33.93000031,1,1.000000000,,
1121652,18/08/2017,18/08/2017,45-49,M,25,30,29,"123,151",24,36.4400003,2,1.000000000,,
1121660,18/08/2017,18/08/2017,45-49,M,26,30,29,"24,078",4,5.769999981,1,0.000000000,,
1121661,18/08/2017,18/08/2017,45-49,M,27,33,30,"517,801",105,181.7200011,3,0.000000000,,
1121662,18/08/2017,18/08/2017,45-49,M,27,28,32,"145,104",25,41.42000008,2,1.000000000,,
1121664,18/08/2017,18/08/2017,45-49,M,27,31,28,"179,950",35,58.67999971,1,0.000000000,,
1121665,18/08/2017,18/08/2017,45-49,M,27,31,31,"258,531",46,80.33999979,2,0.000000000,,
1121666,18/08/2017,18/08/2017,45-49,M,27,31,29,"272,500",62,104.4599996,3,0.000000000,,
1121667,18/08/2017,18/08/2017,45-49,M,28,31,32,"273,197",57,87.7300005,3,0.000000000,,
1121668,18/08/2017,18/08/2017,45-49,M,28,30,34,"775,904",172,253.990002,4,2.000000000,,
1121669,18/08/2017,18/08/2017,45-49,M,28,33,33,"120,251",26,39.44000006,1,0.000000000,,
1121671,18/08/2017,18/08/2017,45-49,M,28,29,32,"139,406",24,39.04999948,1,0.000000000,,
1121672,29/08/2017,29/08/2017,45-49,M,28,32,31,"60,314",11,16.93999958,2,1.000000000,,
1121673,29/08/2017,29/08/2017,45-49,M,29,34,30,"563,074",86,142.7099985,4,2.000000000,,
1121674,27/08/2017,27/08/2017,45-49,M,29,30,30,"168,655",18,27.29999983,2,0.000000000,,
1121675,27/08/2017,27/08/2017,45-49,M,29,34,31,"111,963",17,29.3799994,2,1.000000000,,
1121676,27/08/2017,27/08/2017,45-49,M,29,32,30,"1,026,304",168,277.5799986,17,8.000000000,,
1121677,27/08/2017,27/08/2017,45-49,M,29,35,34,"1,391,924",258,422.8400038,17,10.000000000,,
1121678,27/08/2017,27/08/2017,45-49,M,29,33,33,"147,551",22,38.50000083,1,0.000000000,,
1121685,27/08/2017,27/08/2017,45-49,M,31,36,36,"66,794",9,17.3299998,1,1.000000000,,
1121687,27/08/2017,27/08/2017,45-49,M,31,37,36,"118,882",19,32.30999994,2,1.000000000,,
1121689,27/08/2017,27/08/2017,45-49,M,31,37,35,"148,010",24,41.96999943,1,0.000000000,,
1121691,26/08/2017,26/08/2017,45-49,M,32,34,33,"932,890",197,352.4499989,3,1.000000000,,
1121692,26/08/2017,26/08/2017,45-49,M,32,34,37,"718,359",147,264.5899997,4,1.000000000,,
1121693,26/08/2017,26/08/2017,45-49,M,32,35,35,"433,658",82,158.5999998,5,2.000000000,,
1121695,26/08/2017,26/08/2017,45-49,M,32,34,38,"29,455",3,4.769999981,1,0.000000000,,
1121701,26/08/2017,26/08/2017,45-49,M,36,38,38,"23,973",3,4.820000052,1,1.000000000,,
1121705,26/08/2017,26/08/2017,45-49,M,63,68,67,"126,480",25,37.25999999,1,1.000000000,,
1121706,26/08/2017,26/08/2017,45-49,M,63,64,67,"138,959",28,39.5200007,1,0.000000000,,
1121708,26/08/2017,26/08/2017,45-49,M,63,65,68,"68,829",12,19.47999978,1,0.000000000,,
1121711,26/08/2017,26/08/2017,45-49,M,64,69,65,"49,916",10,16.38,1,1.000000000,,
1121716,26/08/2017,26/08/2017,45-49,M,65,67,67,"76,014",16,22.67000031,1,1.000000000,,
1121723,26/08/2017,26/08/2017,45-49,M,2,5,4,"50,947",10,15.99000025,1,0.000000000,,
1121733,27/08/2017,27/08/2017,45-49,M,66,71,70,"55,536",11,17.04999995,1,0.000000000,,
1121741,27/08/2017,27/08/2017,30-34,F,10,13,14,"318,042",46,64.40999997,8,4.000000000,,
1121742,28/08/2017,28/08/2017,30-34,F,10,14,11,"213,016",30,44.21999955,8,2.000000000,,
1121745,28/08/2017,28/08/2017,30-34,F,15,19,16,"182,265",27,38.18000007,2,1.000000000,,
1121746,28/08/2017,28/08/2017,30-34,F,15,17,18,"1,117,371",177,268.050002,26,5.000000000,,
1121749,28/08/2017,28/08/2017,30-34,F,15,17,17,"333,345",52,77.59000027,5,1.000000000,,
1121751,29/08/2017,29/08/2017,30-34,F,16,17,21,"275,930",30,46.77999997,5,2.000000000,,
1121753,29/08/2017,29/08/2017,30-34,F,16,20,19,"740,631",101,153.1199975,9,1.000000000,,
1121754,29/08/2017,29/08/2017,30-34,F,16,17,17,"328,272",35,55.99000025,2,1.000000000,,
1121755,29/08/2017,29/08/2017,30-34,F,16,20,21,"178,455",20,31.5400002,6,3.000000000,,
1121756,29/08/2017,29/08/2017,30-34,F,16,18,19,"705,712",98,147.339999,6,1.000000000,,
1121758,28/08/2017,28/08/2017,30-34,F,18,19,20,"690,373",91,159.5700021,5,2.000000000,,
1121759,28/08/2017,28/08/2017,30-34,F,18,21,19,"515,812",69,117.6299995,3,1.000000000,,
1121760,28/08/2017,28/08/2017,30-34,F,18,21,21,"764,793",101,171.9799976,4,2.000000000,,
1121763,28/08/2017,28/08/2017,30-34,F,19,22,23,"87,832",11,18.10000038,1,1.000000000,,
1121764,28/08/2017,28/08/2017,30-34,F,19,22,23,"23,368",3,4.300000191,1,0.000000000,,
1121765,28/08/2017,28/08/2017,30-34,F,19,24,23,"51,509",7,11.57000005,1,0.000000000,,
1121767,28/08/2017,28/08/2017,30-34,F,19,20,23,"87,043",16,24.48000002,2,0.000000000,,
1121768,28/08/2017,28/08/2017,30-34,F,19,20,25,"565,565",113,169.6699982,7,4.000000000,,
1121769,28/08/2017,28/08/2017,30-34,F,20,26,26,"253,758",43,62.14000034,4,1.000000000,,
1121773,28/08/2017,28/08/2017,30-34,F,20,22,21,"319,131",51,76.68000025,6,1.000000000,,
1121774,28/08/2017,28/08/2017,30-34,F,20,22,21,"670,608",130,195.1499978,11,3.000000000,,
1121775,18/08/2017,18/08/2017,30-34,F,21,24,25,"159,123",25,38.36000013,5,3.000000000,,
1121776,18/08/2017,18/08/2017,30-34,F,21,23,22,"103,709",15,24.56999969,3,1.000000000,,
1121779,22/08/2017,22/08/2017,30-34,F,21,27,23,"271,589",45,74.41000032,9,3.000000000,,
1121780,22/08/2017,22/08/2017,30-34,F,21,25,22,"119,772",20,33.46999907,5,2.000000000,,
1121782,21/08/2017,21/08/2017,30-34,F,22,23,23,"26,340",3,4.220000029,1,1.000000000,,
1121783,22/08/2017,22/08/2017,30-34,F,22,27,28,"594,968",111,147.6700006,4,0.000000000,,
1121791,22/08/2017,22/08/2017,30-34,F,23,25,24,"6,838",0,0,1,0.000000000,,
1121793,22/08/2017,22/08/2017,30-34,F,24,30,25,"185,665",39,62.14000058,1,0.000000000,,
1121795,22/08/2017,22/08/2017,30-34,F,24,29,25,"24,959",3,4.560000062,1,1.000000000,,
1121796,22/08/2017,22/08/2017,30-34,F,24,28,27,"136,967",23,35.05999982,3,1.000000000,,
1121798,21/08/2017,21/08/2017,30-34,F,24,26,26,"107,548",19,29.31000018,1,0.000000000,,
1121803,21/08/2017,21/08/2017,30-34,F,25,31,28,"588,617",119,169.9199973,2,0.000000000,,
1121806,20/08/2017,20/08/2017,30-34,F,26,31,30,"190,560",26,41.63,3,1.000000000,,
1121807,20/08/2017,20/08/2017,30-34,F,26,30,32,"373,110",49,75.70000076,4,2.000000000,,
1121812,20/08/2017,20/08/2017,30-34,F,27,33,29,"935,646",170,256.4699982,19,6.000000000,,
1121814,21/08/2017,21/08/2017,30-34,F,27,28,31,"2,223,278",421,612.3000032,38,13.000000000,,
1121815,21/08/2017,21/08/2017,30-34,F,27,33,28,"240,497",36,51.84000087,1,0.000000000,,
1121816,21/08/2017,21/08/2017,30-34,F,27,30,30,"259,984",37,54.7900002,5,0.000000000,,
1121817,21/08/2017,21/08/2017,30-34,F,28,31,29,"606,786",127,179.050001,11,3.000000000,,
1121818,21/08/2017,21/08/2017,30-34,F,28,31,34,"83,270",13,17.74000001,1,0.000000000,,
1121819,21/08/2017,21/08/2017,30-34,F,28,34,29,"1,189,509",268,375.7199963,7,3.000000000,,
1121820,22/08/2017,22/08/2017,30-34,F,28,29,32,"11,471",1,1.570000052,0,0.000000000,,
1121824,22/08/2017,22/08/2017,30-34,F,29,35,34,"1,705,246",295,429.4799981,23,10.000000000,,
1121826,23/08/2017,23/08/2017,30-34,F,29,31,30,"418,016",63,95.8500005,3,1.000000000,,
1121827,23/08/2017,23/08/2017,30-34,F,29,31,30,"30,155",3,3.819999933,1,0.000000000,,
1121828,23/08/2017,23/08/2017,30-34,F,29,33,33,"990,404",153,226.5399992,12,6.000000000,,
1121829,24/08/2017,24/08/2017,30-34,F,30,35,35,"187,468",34,50.72000062,2,1.000000000,,
1121832,24/08/2017,24/08/2017,30-34,F,30,36,36,"208,301",33,54.57000089,1,0.000000000,,
1121833,24/08/2017,24/08/2017,30-34,F,30,36,36,"101,856",16,25.22000039,4,1.000000000,,
1121835,24/08/2017,24/08/2017,30-34,F,31,35,36,"48,935",7,9.970000267,1,1.000000000,,
1121839,24/08/2017,24/08/2017,30-34,F,31,33,34,"13,911",1,1.730000019,1,1.000000000,,
1121841,23/08/2017,23/08/2017,30-34,F,32,38,34,"511,726",77,123.0900019,8,4.000000000,,
1121843,23/08/2017,23/08/2017,30-34,F,32,38,37,"177,452",24,37.83000016,2,0.000000000,,
1121844,23/08/2017,23/08/2017,30-34,F,32,38,36,"149,808",20,33.03999937,1,1.000000000,,
1121845,22/08/2017,22/08/2017,30-34,F,32,34,38,"390,339",60,105.0199997,9,6.000000000,,
1121846,22/08/2017,22/08/2017,30-34,F,32,37,34,"8,350",0,0,1,0.000000000,,
1121847,23/08/2017,23/08/2017,30-34,F,36,38,37,"39,339",4,5.929999948,1,0.000000000,,
1121854,23/08/2017,23/08/2017,30-34,F,63,65,64,"8,587",0,0,1,0.000000000,,
1121855,23/08/2017,23/08/2017,30-34,F,63,67,65,"24,893",2,3.75,1,0.000000000,,
1121856,23/08/2017,23/08/2017,30-34,F,63,64,64,"1,296,189",212,343.2599944,14,4.000000000,,
1121857,23/08/2017,23/08/2017,30-34,F,63,65,65,"91,607",12,19.1899997,2,1.000000000,,
1121859,23/08/2017,23/08/2017,30-34,F,64,67,67,"238,036",38,61.02999771,6,3.000000000,,
1121860,20/08/2017,20/08/2017,30-34,F,64,67,68,"254,344",35,56.16999996,2,1.000000000,,
1121861,20/08/2017,20/08/2017,30-34,F,64,66,69,"157,705",23,39.23000026,2,0.000000000,,
1121862,17/08/2017,17/08/2017,30-34,F,64,67,69,"411,571",60,99.1799984,6,1.000000000,,
1121863,17/08/2017,17/08/2017,30-34,F,64,69,70,"94,136",11,16.17999971,1,0.000000000,,
1121867,17/08/2017,17/08/2017,30-34,F,65,69,71,"82,640",16,23.97000039,1,1.000000000,,
1121869,18/08/2017,18/08/2017,30-34,F,65,69,68,"17,870",2,2.620000005,1,1.000000000,,
1121871,18/08/2017,18/08/2017,30-34,F,2,8,7,"19,178",2,2.779999971,1,1.000000000,,
1121873,18/08/2017,18/08/2017,30-34,F,2,6,7,"5,264",0,0,1,0.000000000,,
1121874,18/08/2017,18/08/2017,30-34,F,2,8,4,"145,548",28,42.37000036,2,1.000000000,,
1121876,18/08/2017,18/08/2017,30-34,F,2,6,8,"82,455",15,22.04999971,1,0.000000000,,
1121877,17/08/2017,17/08/2017,30-34,F,7,10,9,"44,189",7,10.31999981,2,0.000000000,,
1121878,17/08/2017,17/08/2017,30-34,F,7,8,8,"45,199",7,9.809999943,1,0.000000000,,
1121881,30/08/2017,30/08/2017,30-34,F,7,8,13,"221,843",43,63.45000076,5,0.000000000,,
1121888,30/08/2017,30/08/2017,30-34,F,66,72,69,"41,672",6,10.54999995,2,1.000000000,,
1121889,30/08/2017,30/08/2017,35-39,F,10,15,13,"127,546",25,38.94000041,2,0.000000000,,
1121890,17/08/2017,17/08/2017,35-39,F,10,16,15,"127,865",28,38.02999961,3,1.000000000,,
1121891,17/08/2017,17/08/2017,35-39,F,10,15,13,"1,025,327",229,314.2999983,16,2.000000000,,
1121894,17/08/2017,17/08/2017,35-39,F,10,14,14,"561,415",124,173.76,3,0.000000000,,
1121895,17/08/2017,17/08/2017,35-39,F,15,21,21,"132,803",25,37.32000124,2,1.000000000,,
1121897,17/08/2017,17/08/2017,35-39,F,15,18,17,"24,664",2,2.629999995,1,1.000000000,,
1121901,17/08/2017,17/08/2017,35-39,F,16,17,21,"1,020,561",172,263.8100007,7,3.000000000,,
1121902,18/08/2017,18/08/2017,35-39,F,16,17,22,"682,143",114,177.1099993,6,2.000000000,,
1121903,18/08/2017,18/08/2017,35-39,F,16,18,18,"1,247,717",222,343.4199994,11,4.000000000,,
1121904,19/08/2017,19/08/2017,35-39,F,16,21,18,"146,406",23,33.22999942,1,1.000000000,,
1121905,19/08/2017,19/08/2017,35-39,F,16,17,21,"905,699",161,234.6599982,4,1.000000000,,
1121906,19/08/2017,19/08/2017,35-39,F,16,21,17,"1,184,580",194,297.8299981,14,3.000000000,,
1121907,20/08/2017,20/08/2017,35-39,F,18,22,19,"98,057",20,31.00999963,1,1.000000000,,
1121917,20/08/2017,20/08/2017,35-39,F,19,22,24,"238,735",56,84.65999889,4,1.000000000,,
1121918,20/08/2017,20/08/2017,35-39,F,19,23,25,"320,657",77,115.8800026,2,0.000000000,,
1121925,20/08/2017,20/08/2017,35-39,F,21,27,23,"244,074",57,84.51000023,4,2.000000000,,
1121928,20/08/2017,20/08/2017,35-39,F,21,27,24,"39,146",8,13.05999959,1,0.000000000,,
1121931,20/08/2017,20/08/2017,35-39,F,22,26,23,"78,468",15,23.64999962,1,0.000000000,,
1121933,19/08/2017,19/08/2017,35-39,F,22,24,26,"325,653",63,89.35000026,2,0.000000000,,
1121935,19/08/2017,19/08/2017,35-39,F,22,25,23,"66,277",12,17.30000019,1,0.000000000,,
1121936,18/08/2017,18/08/2017,35-39,F,22,26,25,"93,002",16,23.33999968,1,0.000000000,,
1121944,18/08/2017,18/08/2017,35-39,F,24,25,29,"109,723",27,40.9600004,1,0.000000000,,
1121948,18/08/2017,18/08/2017,35-39,F,24,27,28,"118,941",35,50.11000001,4,1.000000000,,
1121949,19/08/2017,19/08/2017,35-39,F,25,27,27,"221,576",47,66.79000068,6,1.000000000,,
1121953,19/08/2017,19/08/2017,35-39,F,25,29,27,"8,341",1,1.639999986,1,0.000000000,,
1121954,19/08/2017,19/08/2017,35-39,F,25,30,27,"120,335",26,36.2299993,2,0.000000000,,
1121955,19/08/2017,19/08/2017,35-39,F,26,28,31,"182,098",40,62.86999989,1,1.000000000,,
1121956,19/08/2017,19/08/2017,35-39,F,26,31,28,"227,473",52,71.58000052,1,1.000000000,,
1121962,19/08/2017,19/08/2017,35-39,F,27,30,32,"1,050,947",230,350.5099957,6,1.000000000,,
1121963,24/08/2017,24/08/2017,35-39,F,27,32,28,"720,859",162,213.6899986,13,5.000000000,,
1121971,24/08/2017,24/08/2017,35-39,F,28,31,32,"41,111",8,10.96000016,1,0.000000000,,
1121973,30/08/2017,30/08/2017,35-39,F,29,31,34,"148,616",25,37.39999962,6,4.000000000,,
1121976,30/08/2017,30/08/2017,35-39,F,29,34,34,"707,260",135,210.8200028,13,6.000000000,,
1121977,30/08/2017,30/08/2017,35-39,F,29,32,32,"139,596",26,42.41000032,1,1.000000000,,
1121983,30/08/2017,30/08/2017,35-39,F,30,34,31,"105,399",22,33.19999933,2,0.000000000,,
1121994,30/08/2017,30/08/2017,35-39,F,32,33,34,"222,378",50,72.91000104,1,0.000000000,,
1122003,17/08/2017,17/08/2017,35-39,F,63,69,68,"975,792",210,293.8800011,10,4.000000000,,
1122004,30/08/2017,30/08/2017,35-39,F,63,65,67,"579,150",125,167.0499997,5,1.000000000,,
1122005,30/08/2017,30/08/2017,35-39,F,63,65,69,"449,588",81,123.800001,5,2.000000000,,
1122006,30/08/2017,30/08/2017,35-39,F,63,68,65,"318,157",56,85.70000196,3,0.000000000,,
1122007,30/08/2017,30/08/2017,35-39,F,63,65,64,"196,967",43,65.17999971,2,1.000000000,,
1122011,29/08/2017,29/08/2017,35-39,F,64,70,67,"158,298",37,46.43000007,4,1.000000000,,
1122012,29/08/2017,29/08/2017,35-39,F,64,67,69,"222,739",55,68.55999959,5,2.000000000,,
1122022,29/08/2017,29/08/2017,35-39,F,2,4,3,"20,780",5,8.189999938,1,0.000000000,,
1122027,29/08/2017,29/08/2017,35-39,F,7,9,8,"128,616",33,48.54999948,2,0.000000000,,
1122039,29/08/2017,29/08/2017,40-44,F,10,12,15,"258,954",61,82.27999902,1,0.000000000,,
1122040,30/08/2017,30/08/2017,40-44,F,10,15,11,"205,289",48,71.53000104,3,0.000000000,,
1122041,30/08/2017,30/08/2017,40-44,F,10,13,12,"611,601",138,191.419996,8,3.000000000,,
1122043,30/08/2017,30/08/2017,40-44,F,10,13,14,"947,657",233,321.8700004,8,4.000000000,,
1122044,29/08/2017,29/08/2017,40-44,F,10,16,14,"233,043",49,65.03000033,2,0.000000000,,
1122047,17/08/2017,17/08/2017,40-44,F,15,18,21,"582,725",142,194.8099988,9,2.000000000,,
1122052,17/08/2017,17/08/2017,40-44,F,16,20,19,"265,038",51,78.45999932,2,1.000000000,,
1122054,18/08/2017,18/08/2017,40-44,F,16,20,18,"222,273",39,53.62999868,6,1.000000000,,
1122055,18/08/2017,18/08/2017,40-44,F,16,22,19,"797,234",170,243.7699978,4,1.000000000,,
1122056,17/08/2017,17/08/2017,40-44,F,16,19,21,"925,555",182,262.8899981,4,2.000000000,,
1122058,18/08/2017,18/08/2017,40-44,F,18,19,24,"22,210",3,4.050000191,1,1.000000000,,
1122075,18/08/2017,18/08/2017,40-44,F,21,25,23,"46,391",11,16.40999985,3,1.000000000,,
1122078,18/08/2017,18/08/2017,40-44,F,21,27,25,"190,477",42,66.38999987,1,0.000000000,,
1122079,18/08/2017,18/08/2017,40-44,F,21,24,27,"25,382",7,9.609999895,1,0.000000000,,
1122085,18/08/2017,18/08/2017,40-44,F,22,26,25,"65,726",17,22.12000012,2,0.000000000,,
1122089,17/08/2017,17/08/2017,40-44,F,23,25,29,"195,220",51,78.06000042,1,0.000000000,,
1122092,17/08/2017,17/08/2017,40-44,F,23,25,26,"107,501",27,40.87999928,2,2.000000000,,
1122101,17/08/2017,17/08/2017,40-44,F,25,26,30,"197,772",63,88.21000016,7,2.000000000,,
1122102,17/08/2017,17/08/2017,40-44,F,25,30,29,"138,154",35,48.93999863,1,0.000000000,,
1122103,17/08/2017,17/08/2017,40-44,F,25,26,30,"270,124",69,95.84999895,2,0.000000000,,
1122105,17/08/2017,17/08/2017,40-44,F,26,28,27,"303,971",77,106.9299998,11,6.000000000,,
1122107,17/08/2017,17/08/2017,40-44,F,26,30,29,"682,046",183,254.419997,4,2.000000000,,
1122109,17/08/2017,17/08/2017,40-44,F,26,27,28,"328,365",83,117.3400005,2,1.000000000,,
1122112,17/08/2017,17/08/2017,40-44,F,27,31,33,"1,083,259",276,390.2599992,11,0.000000000,,
1122113,17/08/2017,17/08/2017,40-44,F,27,33,28,"913,929",245,340.4099993,7,2.000000000,,
1122118,17/08/2017,17/08/2017,40-44,F,28,31,33,"101,586",24,33.47000039,2,1.000000000,,
1122120,29/08/2017,29/08/2017,40-44,F,28,30,32,"181,053",46,66.27999985,3,1.000000000,,
1122121,29/08/2017,29/08/2017,40-44,F,28,30,34,"133,419",35,48.18000007,2,1.000000000,,
1122125,26/08/2017,26/08/2017,40-44,F,29,34,32,"489,573",113,156.1199993,3,2.000000000,,
1122127,26/08/2017,26/08/2017,40-44,F,29,32,31,"822,023",194,288.3300035,6,0.000000000,,
1122131,26/08/2017,26/08/2017,40-44,F,30,32,35,"93,176",29,40.37000024,1,1.000000000,,
1122138,26/08/2017,26/08/2017,40-44,F,31,32,37,"47,229",13,19.27999985,1,0.000000000,,
1122139,26/08/2017,26/08/2017,40-44,F,31,36,32,"92,263",24,34.03000015,1,0.000000000,,
1122140,26/08/2017,26/08/2017,40-44,F,31,35,35,"81,551",21,29.67000008,1,0.000000000,,
1122145,26/08/2017,26/08/2017,40-44,F,32,35,34,"141,037",32,47.78999913,3,0.000000000,,
1122146,26/08/2017,26/08/2017,40-44,F,32,38,37,"319,501",79,111.6500003,0,0.000000000,,
1122149,26/08/2017,26/08/2017,40-44,F,36,41,37,"72,741",19,24.33000016,2,0.000000000,,
1122154,25/08/2017,25/08/2017,40-44,F,63,66,68,"597,419",135,188.5100002,2,1.000000000,,
1122157,25/08/2017,25/08/2017,40-44,F,63,69,66,"98,768",21,33.14000034,1,1.000000000,,
1122160,24/08/2017,24/08/2017,40-44,F,64,69,67,"173,165",41,59.85000026,1,0.000000000,,
1122165,24/08/2017,24/08/2017,40-44,F,65,68,69,"55,823",13,21.10999966,1,1.000000000,,
1122166,25/08/2017,25/08/2017,40-44,F,65,66,68,"118,451",28,38.35000062,4,1.000000000,,
1122176,25/08/2017,25/08/2017,40-44,F,2,6,8,"74,424",22,30.84000027,1,1.000000000,,
1122177,25/08/2017,25/08/2017,40-44,F,7,10,12,"47,929",12,14.58999991,1,1.000000000,,
1122182,25/08/2017,25/08/2017,40-44,F,7,10,8,"40,801",12,15.91999972,0,0.000000000,,
1122183,25/08/2017,25/08/2017,40-44,F,66,71,67,"66,017",17,24.22000015,1,0.000000000,,
1122189,25/08/2017,25/08/2017,45-49,F,10,16,14,"725,043",179,238.4000007,5,3.000000000,,
1122191,27/08/2017,27/08/2017,45-49,F,10,16,16,"382,776",97,132.7300007,5,1.000000000,,
1122192,27/08/2017,27/08/2017,45-49,F,10,16,13,"548,250",137,201.6000042,5,1.000000000,,
1122193,28/08/2017,28/08/2017,45-49,F,10,11,15,"1,358,324",346,465.0799981,8,2.000000000,,
1122197,28/08/2017,28/08/2017,45-49,F,15,16,20,"662,249",163,234.9399992,2,0.000000000,,
1122200,28/08/2017,28/08/2017,45-49,F,15,16,16,"559,554",139,195.0799994,2,0.000000000,,
1122201,28/08/2017,28/08/2017,45-49,F,16,19,21,"320,757",68,104.6899989,2,0.000000000,,
1122202,28/08/2017,28/08/2017,45-49,F,16,20,19,"906,151",202,295.5499957,1,0.000000000,,
1122203,29/08/2017,29/08/2017,45-49,F,16,22,19,"699,314",164,226.0300014,3,0.000000000,,
1122204,28/08/2017,28/08/2017,45-49,F,16,21,22,"850,337",198,287.690003,3,1.000000000,,
1122205,28/08/2017,28/08/2017,45-49,F,16,20,22,"1,015,460",247,315.9000051,9,2.000000000,,
1122209,28/08/2017,28/08/2017,45-49,F,18,19,20,"890,295",227,332.9899989,1,0.000000000,,
1122210,28/08/2017,28/08/2017,45-49,F,18,21,20,"791,817",194,282.490001,4,2.000000000,,
1122211,27/08/2017,27/08/2017,45-49,F,18,24,21,"317,601",76,115.6600008,1,0.000000000,,
1122212,27/08/2017,27/08/2017,45-49,F,18,23,24,"685,211",164,247.3200026,4,3.000000000,,
1122213,27/08/2017,27/08/2017,45-49,F,19,24,23,"32,781",7,11.20000017,2,2.000000000,,
1122216,27/08/2017,27/08/2017,45-49,F,19,23,22,"76,785",19,25.45999998,3,0.000000000,,
1122217,27/08/2017,27/08/2017,45-49,F,19,24,23,"719,083",206,299.5299983,12,5.000000000,,
1122223,27/08/2017,27/08/2017,45-49,F,20,23,23,"368,480",107,140.4200011,5,4.000000000,,
1122224,27/08/2017,27/08/2017,45-49,F,20,24,25,"260,945",73,100.8800011,2,2.000000000,,
1122225,27/08/2017,27/08/2017,45-49,F,21,22,27,"40,998",10,13.35000038,1,0.000000000,,
1122227,27/08/2017,27/08/2017,45-49,F,21,27,26,"183,293",53,73.74999964,2,1.000000000,,
1122232,27/08/2017,27/08/2017,45-49,F,22,24,23,"221,561",55,76.75999916,1,0.000000000,,
1122233,19/08/2017,19/08/2017,45-49,F,22,24,24,"436,943",109,145.8199974,1,1.000000000,,
1122240,19/08/2017,19/08/2017,45-49,F,23,26,26,"284,488",90,125.2700011,1,1.000000000,,
1122244,25/08/2017,25/08/2017,45-49,F,24,26,26,"85,083",32,38.62999976,1,1.000000000,,
1122246,25/08/2017,25/08/2017,45-49,F,24,28,25,"14,167",5,7.139999986,1,0.000000000,,
1122249,24/08/2017,24/08/2017,45-49,F,25,29,28,"300,637",84,116.9899981,2,0.000000000,,
1122253,25/08/2017,25/08/2017,45-49,F,25,27,28,"449,921",129,175.9700005,5,1.000000000,,
1122254,25/08/2017,25/08/2017,45-49,F,25,31,31,"282,899",71,105.6600007,1,0.000000000,,
1122257,25/08/2017,25/08/2017,45-49,F,26,29,32,"669,671",186,259.1799988,4,1.000000000,,
1122258,25/08/2017,25/08/2017,45-49,F,26,28,30,"108,655",28,46.92000186,1,0.000000000,,
1122260,25/08/2017,25/08/2017,45-49,F,26,32,31,"536,248",146,187.7399978,3,0.000000000,,
1122262,24/08/2017,24/08/2017,45-49,F,27,29,30,"1,055,017",265,380.6599952,16,2.000000000,,
1122265,24/08/2017,24/08/2017,45-49,F,27,30,28,"1,428,421",367,541.7000023,10,0.000000000,,
1122266,24/08/2017,24/08/2017,45-49,F,27,31,30,"1,088,027",272,409.5600026,9,4.000000000,,
1122267,23/08/2017,23/08/2017,45-49,F,28,29,33,"288,517",78,102.3900002,3,0.000000000,,
1122268,23/08/2017,23/08/2017,45-49,F,28,31,30,"202,231",53,67.13000107,3,1.000000000,,
1122270,24/08/2017,24/08/2017,45-49,F,28,34,32,"73,222",16,22.86000025,1,0.000000000,,
1122271,24/08/2017,24/08/2017,45-49,F,28,29,34,"348,542",96,134.889999,2,0.000000000,,
1122273,24/08/2017,24/08/2017,45-49,F,29,32,30,"1,097,966",266,369.069997,16,8.000000000,,
1122274,24/08/2017,24/08/2017,45-49,F,29,33,31,"526,923",138,198.0899972,2,1.000000000,,
1122276,24/08/2017,24/08/2017,45-49,F,29,34,34,"264,386",66,91.00000054,4,1.000000000,,
1122277,24/08/2017,24/08/2017,45-49,F,29,30,30,"854,940",227,297.9100007,8,3.000000000,,
1122279,25/08/2017,25/08/2017,45-49,F,30,33,36,"113,567",34,50.29000044,3,0.000000000,,
1122282,25/08/2017,25/08/2017,45-49,F,30,31,35,"22,859",6,9.419999838,1,0.000000000,,
1122288,27/08/2017,27/08/2017,45-49,F,31,32,33,"51,754",13,20.51999998,1,0.000000000,,
1122290,26/08/2017,26/08/2017,45-49,F,31,32,33,"104,347",28,38.13999993,4,3.000000000,,
1122303,26/08/2017,26/08/2017,45-49,F,63,67,66,"391,998",97,142.0500025,3,1.000000000,,
1122304,27/08/2017,27/08/2017,45-49,F,63,64,66,"1,111,156",282,402.3000026,5,0.000000000,,
1122308,27/08/2017,27/08/2017,45-49,F,63,64,68,"427,772",117,159.299999,3,1.000000000,,
1122310,27/08/2017,27/08/2017,45-49,F,64,66,65,"536,457",136,193.6599991,2,1.000000000,,
1122311,27/08/2017,27/08/2017,45-49,F,64,69,68,"179,894",43,66.83999872,2,0.000000000,,
1122312,27/08/2017,27/08/2017,45-49,F,64,70,66,"479,882",131,178.6700007,6,0.000000000,,
1122313,26/08/2017,26/08/2017,45-49,F,64,70,69,"358,261",91,130.3600011,1,0.000000000,,
1122316,26/08/2017,26/08/2017,45-49,F,65,67,67,"346,688",88,114.8599998,2,0.000000000,,
1314296,26/08/2017,26/08/2017,30-34,M,100,106,105,"33,445",2,3.199999928,1,0.000000000,,
1314297,25/08/2017,25/08/2017,30-34,M,101,106,103,"72,228",5,7.529999852,4,4.000000000,,
1314298,25/08/2017,25/08/2017,30-34,M,102,104,107,"49,699",2,2.690000057,2,1.000000000,,
1314299,26/08/2017,26/08/2017,30-34,M,103,107,108,"189,761",18,27.32999969,4,1.000000000,,
1314301,26/08/2017,26/08/2017,30-34,M,105,108,107,"312,524",37,53.78999972,2,0.000000000,,
1314303,26/08/2017,26/08/2017,30-34,M,107,108,110,"496,760",42,61.00999904,10,3.000000000,,
1314306,26/08/2017,26/08/2017,30-34,M,110,112,111,"310,988",34,46.66999936,11,3.000000000,,
1314307,26/08/2017,26/08/2017,30-34,M,111,112,113,"98,606",9,12.10999984,1,0.000000000,,
1314308,26/08/2017,26/08/2017,30-34,M,112,117,115,"51,104",2,3.199999928,3,1.000000000,,
1314309,23/08/2017,23/08/2017,30-34,M,113,116,115,"276,762",22,32.09000015,5,1.000000000,,
1314312,23/08/2017,23/08/2017,35-39,M,101,105,103,"33,534",2,2.960000038,1,1.000000000,,
1314313,21/08/2017,21/08/2017,35-39,M,102,104,107,"128,859",16,23.69999957,1,0.000000000,,
1314314,21/08/2017,21/08/2017,35-39,M,103,104,105,"92,080",12,16.94000018,3,2.000000000,,
1314316,21/08/2017,21/08/2017,35-39,M,105,107,107,"211,882",33,46.64999926,3,1.000000000,,
1314318,21/08/2017,21/08/2017,35-39,M,107,110,109,"112,776",9,12.67999995,1,0.000000000,,
1314319,21/08/2017,21/08/2017,35-39,M,108,113,111,"145,324",14,19.82000005,2,1.000000000,,
1314320,21/08/2017,21/08/2017,35-39,M,109,113,115,"106,492",14,21.26000023,2,0.000000000,,
1314321,21/08/2017,21/08/2017,35-39,M,110,112,111,"233,845",30,40.73000062,3,0.000000000,,
1314323,21/08/2017,21/08/2017,35-39,M,112,117,118,"155,426",17,25.01000023,3,0.000000000,,
1314324,21/08/2017,21/08/2017,35-39,M,113,116,114,"97,540",8,11.5199995,2,1.000000000,,
1314325,21/08/2017,21/08/2017,35-39,M,114,117,120,"61,441",5,7.700000048,1,0.000000000,,
1314326,20/08/2017,20/08/2017,40-44,M,100,104,104,"76,703",9,12.14999962,3,1.000000000,,
1314327,20/08/2017,20/08/2017,40-44,M,101,107,105,"68,619",10,14.96000034,1,0.000000000,,
1314330,20/08/2017,20/08/2017,40-44,M,104,108,108,"17,559",1,1.49000001,1,1.000000000,,
1314331,20/08/2017,20/08/2017,40-44,M,105,107,108,"137,879",19,28.47000003,2,0.000000000,,
1314332,20/08/2017,20/08/2017,40-44,M,106,110,112,"67,710",10,15.14999998,1,0.000000000,,
1314333,21/08/2017,21/08/2017,40-44,M,107,113,108,"348,180",41,60.22999907,3,1.000000000,,
1314334,21/08/2017,21/08/2017,40-44,M,108,110,112,"146,246",18,28.71999955,3,1.000000000,,
1314336,20/08/2017,20/08/2017,40-44,M,110,116,113,"187,236",24,34.86999965,2,2.000000000,,
1314337,20/08/2017,20/08/2017,40-44,M,111,112,112,"72,157",9,13.50000036,1,1.000000000,,
1314338,21/08/2017,21/08/2017,40-44,M,112,113,114,"91,180",10,13.55999994,1,0.000000000,,
1314339,22/08/2017,22/08/2017,40-44,M,113,114,116,"86,293",6,9.259999871,1,1.000000000,,
1314341,23/08/2017,23/08/2017,45-49,M,100,105,106,"101,410",12,17.94000006,4,0.000000000,,
1314343,23/08/2017,23/08/2017,45-49,M,102,107,103,"134,245",18,25.75000024,2,1.000000000,,
1314345,23/08/2017,23/08/2017,45-49,M,104,105,107,"125,650",20,30.08000076,4,0.000000000,,
1314346,23/08/2017,23/08/2017,45-49,M,105,109,106,"50,406",5,7.26000011,1,1.000000000,,
1314348,23/08/2017,23/08/2017,45-49,M,107,113,111,"121,769",13,18.41999996,2,1.000000000,,
1314349,23/08/2017,23/08/2017,45-49,M,108,113,113,"267,106",34,50.5,4,1.000000000,,
1314350,23/08/2017,23/08/2017,45-49,M,109,115,115,"365,539",57,82.13999915,5,2.000000000,,
1314351,23/08/2017,23/08/2017,45-49,M,110,114,111,"188,758",25,36.60000038,2,1.000000000,,
1314353,22/08/2017,22/08/2017,45-49,M,112,114,114,"108,426",13,19.58000016,1,0.000000000,,
1314354,22/08/2017,22/08/2017,45-49,M,113,116,116,"138,525",9,13.65000045,3,0.000000000,,
1314355,22/08/2017,22/08/2017,45-49,M,114,117,118,"150,858",21,30.26000011,1,0.000000000,,
1314357,22/08/2017,22/08/2017,30-34,F,101,102,102,"524,306",81,113.6800029,10,4.000000000,,
1314358,22/08/2017,22/08/2017,30-34,F,102,103,103,"104,496",9,11.42999983,3,2.000000000,,
1314359,22/08/2017,22/08/2017,30-34,F,103,109,105,"452,519",68,99.52000237,7,2.000000000,,
1314360,22/08/2017,22/08/2017,30-34,F,104,105,108,"442,919",76,110.7800021,21,2.000000000,,
1314361,22/08/2017,22/08/2017,30-34,F,105,111,107,"596,831",86,120.8799992,11,0.000000000,,
1314362,22/08/2017,22/08/2017,30-34,F,106,109,108,"173,912",26,35.54000032,2,1.000000000,,
1314363,22/08/2017,22/08/2017,30-34,F,107,109,113,"780,967",86,119.6400018,20,4.000000000,,
1314364,22/08/2017,22/08/2017,30-34,F,108,111,111,"132,124",8,11.18999994,4,0.000000000,,
1314365,27/08/2017,27/08/2017,30-34,F,109,110,112,"623,137",100,138.9200006,12,1.000000000,,
1314366,27/08/2017,27/08/2017,30-34,F,110,114,111,"99,020",10,14.48000044,4,1.000000000,,
1314367,18/08/2017,18/08/2017,30-34,F,111,113,114,"665,817",117,163.8000002,23,9.000000000,,
1314368,18/08/2017,18/08/2017,30-34,F,112,114,113,"699,232",80,111.9899995,12,3.000000000,,
1314371,18/08/2017,18/08/2017,35-39,F,100,103,102,"72,982",11,15.04999995,1,0.000000000,,
1314372,18/08/2017,18/08/2017,35-39,F,101,107,104,"975,884",167,237.3199975,14,3.000000000,,
1314373,18/08/2017,18/08/2017,35-39,F,102,106,103,"245,607",33,47.87999952,3,1.000000000,,
1314377,18/08/2017,18/08/2017,35-39,F,106,111,109,"485,369",114,164.6400015,3,0.000000000,,
1314378,18/08/2017,18/08/2017,35-39,F,107,111,112,"866,355",139,200.8299961,11,5.000000000,,
1314379,18/08/2017,18/08/2017,35-39,F,108,110,110,"502,710",72,105.2199969,8,2.000000000,,
1314380,18/08/2017,18/08/2017,35-39,F,109,114,111,"475,184",88,127.3200028,4,1.000000000,,
1314381,17/08/2017,17/08/2017,35-39,F,110,111,111,"357,401",47,68.67000008,8,1.000000000,,
1314382,17/08/2017,17/08/2017,35-39,F,111,114,112,"99,810",14,20.05000019,2,0.000000000,,
1314383,17/08/2017,17/08/2017,35-39,F,112,116,114,"81,569",6,9.409999967,3,1.000000000,,
1314384,17/08/2017,17/08/2017,35-39,F,113,115,114,"441,192",53,77.59999979,6,2.000000000,,
1314385,17/08/2017,17/08/2017,35-39,F,114,115,116,"90,470",11,16.73000002,1,1.000000000,,
1314386,17/08/2017,17/08/2017,40-44,F,100,102,102,"834,243",166,246.7499975,18,7.000000000,,
1314387,17/08/2017,17/08/2017,40-44,F,101,105,106,"696,612",152,223.1899948,31,9.000000000,,
1314388,17/08/2017,17/08/2017,40-44,F,102,103,106,"329,333",48,67.60999918,1,0.000000000,,
1314389,17/08/2017,17/08/2017,40-44,F,103,104,105,"1,114,711",224,319.0000019,6,0.000000000,,
1314390,17/08/2017,17/08/2017,40-44,F,104,107,107,"267,316",58,82.92999887,3,0.000000000,,
1314391,19/08/2017,19/08/2017,40-44,F,105,109,106,"228,629",38,57,2,0.000000000,,
1314392,19/08/2017,19/08/2017,40-44,F,106,107,111,"758,340",159,233.110002,13,4.000000000,,
1314393,20/08/2017,20/08/2017,40-44,F,107,108,110,"877,535",149,217.7799966,5,2.000000000,,
1314394,20/08/2017,20/08/2017,40-44,F,108,113,112,"1,357,386",223,323.0600071,10,1.000000000,,
1314395,20/08/2017,20/08/2017,40-44,F,109,115,115,"280,240",61,87.99000168,2,2.000000000,,
1314396,20/08/2017,20/08/2017,40-44,F,110,116,116,"419,922",75,105.4500008,3,1.000000000,,
1314397,20/08/2017,20/08/2017,40-44,F,111,116,115,"402,975",83,120.8999977,1,0.000000000,,
1314398,20/08/2017,20/08/2017,40-44,F,112,115,116,"1,137,635",211,301.0499992,30,10.000000000,,
1314400,20/08/2017,20/08/2017,40-44,F,114,118,119,"250,234",40,62.31999922,4,1.000000000,,
1314401,20/08/2017,20/08/2017,45-49,F,100,106,101,"904,907",195,279.219995,11,1.000000000,,
1314402,20/08/2017,20/08/2017,45-49,F,101,105,105,"589,270",107,158.0500023,10,4.000000000,,
1314403,20/08/2017,20/08/2017,45-49,F,102,104,104,"168,714",24,36.01000071,2,2.000000000,,
1314404,19/08/2017,19/08/2017,45-49,F,103,105,104,"71,982",11,16.34000051,1,0.000000000,,
1314405,19/08/2017,19/08/2017,45-49,F,104,107,110,"558,666",110,162.6399975,14,5.000000000,,
1314406,19/08/2017,19/08/2017,45-49,F,105,106,109,"1,118,200",235,333.7499943,11,4.000000000,,
1314407,19/08/2017,19/08/2017,45-49,F,106,112,108,"107,100",23,33.71000051,1,0.000000000,,
1314408,19/08/2017,19/08/2017,45-49,F,107,113,112,"877,769",160,232.5900005,13,4.000000000,,
1314409,19/08/2017,19/08/2017,45-49,F,108,112,112,"212,508",33,47.69000006,4,1.000000000,,
1314410,19/08/2017,19/08/2017,45-49,F,109,111,114,"1,129,773",252,358.189997,13,2.000000000,,
1314411,19/08/2017,19/08/2017,45-49,F,110,111,116,"637,549",120,173.8800035,3,0.000000000,,
1314412,19/08/2017,19/08/2017,45-49,F,111,113,117,"151,531",28,40.28999949,2,0.000000000,,
1314414,17/08/2017,17/08/2017,45-49,F,113,114,117,"790,253",135,198.7100005,8,2.000000000,,
1314415,17/08/2017,17/08/2017,45-49,F,114,116,118,"513,161",114,165.6099987,5,2.000000000,,